lhs,rhs,confidence
"(27,)","(21,)",0.9114117100987998
"(21,)","(27,)",0.900838904181413
"(27,)","(24,)",0.9156554605132285
"(27,)","(25,)",0.9092235262913599
"(13, 21)","(24,)",0.9198190789473685
"(13, 27)","(21,)",0.9149722735674677
"(13, 21)","(27,)",0.9159128289473685
"(13, 27)","(24,)",0.9326350379954816
"(13, 24)","(27,)",0.903681592039801
"(13, 27)","(25,)",0.9217498459642637
"(13, 25)","(27,)",0.9096068098905553
"(24, 25)","(21,)",0.9353566912147586
"(21, 25)","(24,)",0.9473366985609885
"(21, 24)","(25,)",0.9158048069919883
"(24, 26)","(21,)",0.9117512574302697
"(21, 26)","(24,)",0.9238610038610039
"(24, 27)","(21,)",0.9433702657687015
"(21, 27)","(24,)",0.9477628228446708
"(21, 24)","(27,)",0.9487982520029133
"(21, 28)","(24,)",0.9172081324669881
"(21, 29)","(24,)",0.9252823631624674
"(21, 105)","(24,)",0.9139525532770406
"(21, 117)","(24,)",0.908573236317621
"(21, 350)","(24,)",0.9071661237785016
"(21, 353)","(24,)",0.9119127516778524
"(21, 400)","(24,)",0.9165275459098498
"(24, 447)","(21,)",0.9283429302623161
"(21, 447)","(24,)",0.9349226804123711
"(24, 449)","(21,)",0.9170506912442397
"(21, 449)","(24,)",0.9241486068111455
"(25, 27)","(21,)",0.9307905484247374
"(21, 27)","(25,)",0.9285558384867224
"(21, 25)","(27,)",0.9615761319972878
"(25, 447)","(21,)",0.9226342710997443
"(21, 447)","(25,)",0.9297680412371134
"(25, 449)","(21,)",0.9078341013824884
"(21, 449)","(25,)",0.9148606811145511
"(26, 27)","(21,)",0.9321372854914196
"(21, 26)","(27,)",0.9227799227799228
"(27, 28)","(21,)",0.921353065539112
"(21, 28)","(27,)",0.9134353385034584
"(27, 29)","(21,)",0.9220353789036908
"(21, 29)","(27,)",0.917028670721112
"(27, 30)","(21,)",0.9011608623548922
"(27, 67)","(21,)",0.9136822773186409
"(27, 105)","(21,)",0.9175670268107243
"(21, 105)","(27,)",0.9219943707277845
"(27, 106)","(21,)",0.9110085695451549
"(27, 117)","(21,)",0.9215876089060987
"(21, 117)","(27,)",0.9035115469788042
"(27, 249)","(21,)",0.9083820662768031
"(21, 249)","(27,)",0.9031007751937985
"(27, 295)","(21,)",0.907744874715262
"(21, 350)","(27,)",0.9022801302931596
"(27, 353)","(21,)",0.9320137693631669
"(21, 353)","(27,)",0.9085570469798657
"(27, 355)","(21,)",0.9162512462612163
"(27, 386)","(21,)",0.9128043990573449
"(27, 400)","(21,)",0.905
"(21, 400)","(27,)",0.9065108514190318
"(27, 446)","(21,)",0.9024
"(27, 447)","(21,)",0.9417852522639069
"(21, 447)","(27,)",0.9381443298969072
"(27, 449)","(21,)",0.9345509893455098
"(21, 449)","(27,)",0.9504643962848297
"(27, 597)","(21,)",0.9032761310452418
"(25, 26)","(24,)",0.9094586185438706
"(25, 27)","(24,)",0.9398337222870479
"(24, 27)","(25,)",0.9332319501774206
"(24, 25)","(27,)",0.9586401844826303
"(25, 29)","(24,)",0.9069069069069069
"(25, 446)","(24,)",0.9042207792207793
"(25, 447)","(24,)",0.928388746803069
"(24, 447)","(25,)",0.9289827255278311
"(25, 449)","(24,)",0.9047619047619048
"(24, 449)","(25,)",0.9047619047619048
"(26, 27)","(24,)",0.9343213728549142
"(24, 26)","(27,)",0.9128181679622008
"(27, 28)","(24,)",0.9321353065539112
"(27, 29)","(24,)",0.9401616073378467
"(24, 29)","(27,)",0.9093789607097592
"(27, 30)","(24,)",0.9081260364842454
"(27, 67)","(24,)",0.9141414141414141
"(27, 105)","(24,)",0.9243697478991597
"(24, 105)","(27,)",0.9069493521790342
"(27, 106)","(24,)",0.9077125906394199
"(27, 117)","(24,)",0.925459825750242
"(27, 119)","(24,)",0.9176415535797847
"(27, 249)","(24,)",0.9142300194931774
"(27, 250)","(24,)",0.9133627019089574
"(27, 295)","(24,)",0.908883826879271
"(27, 350)","(24,)",0.9143780290791599
"(27, 353)","(24,)",0.9302925989672978
"(27, 355)","(24,)",0.9042871385842473
"(27, 386)","(24,)",0.9183032207384132
"(27, 400)","(24,)",0.9083333333333333
"(27, 446)","(24,)",0.9168
"(24, 446)","(27,)",0.9095238095238095
"(27, 447)","(24,)",0.9469598965071151
"(24, 447)","(27,)",0.9366602687140115
"(27, 449)","(24,)",0.9223744292237442
"(24, 449)","(27,)",0.9308755760368663
"(27, 597)","(24,)",0.906396255850234
"(26, 27)","(25,)",0.9212168486739469
"(25, 26)","(27,)",0.9186372121966397
"(27, 28)","(25,)",0.9211416490486258
"(25, 28)","(27,)",0.9086548488008342
"(27, 29)","(25,)",0.9290238043240883
"(25, 29)","(27,)",0.9124839124839125
"(27, 30)","(25,)",0.9087893864013267
"(27, 67)","(25,)",0.9104683195592287
"(27, 105)","(25,)",0.9251700680272109
"(25, 105)","(27,)",0.9167327517842981
"(27, 106)","(25,)",0.9063941990771259
"(27, 117)","(25,)",0.9131978057437883
"(27, 249)","(25,)",0.9035087719298246
"(27, 250)","(25,)",0.9001468428781204
"(27, 295)","(25,)",0.9009111617312073
"(27, 348)","(25,)",0.9122807017543859
"(27, 353)","(25,)",0.9199655765920827
"(25, 353)","(27,)",0.9090136054421769
"(27, 355)","(25,)",0.9242273180458624
"(27, 386)","(25,)",0.9135899450117831
"(27, 446)","(25,)",0.9168
"(25, 446)","(27,)",0.9301948051948052
"(27, 447)","(25,)",0.944372574385511
"(25, 447)","(27,)",0.9335038363171355
"(27, 449)","(25,)",0.9208523592085236
"(25, 449)","(27,)",0.9293394777265745
"(13, 24, 25)","(21,)",0.93662290629244
"(13, 21, 25)","(24,)",0.957427117075428
"(13, 21, 24)","(25,)",0.9248994188645507
"(13, 24, 26)","(21,)",0.9110942249240122
"(13, 21, 26)","(24,)",0.9418695993715632
"(13, 24, 27)","(21,)",0.9438449680687073
"(13, 21, 27)","(24,)",0.9620650953984288
"(13, 21, 24)","(27,)",0.9579794367456415
"(13, 21, 28)","(24,)",0.928968253968254
"(13, 24, 29)","(21,)",0.9037600716204118
"(13, 21, 29)","(24,)",0.9355885078776645
"(13, 21, 67)","(24,)",0.9196988707653702
"(13, 21, 117)","(24,)",0.9301242236024845
"(13, 21, 119)","(24,)",0.9190751445086706
"(13, 25, 26)","(21,)",0.9047805642633229
"(13, 21, 26)","(25,)",0.9069128043990573
"(13, 25, 27)","(21,)",0.9309269162210339
"(13, 21, 27)","(25,)",0.9378226711560045
"(13, 21, 25)","(27,)",0.966682091624248
"(13, 26, 27)","(21,)",0.9344006247559548
"(13, 21, 26)","(27,)",0.9399057344854674
"(13, 27, 28)","(21,)",0.9199048374306106
"(13, 21, 28)","(27,)",0.9206349206349206
"(13, 27, 29)","(21,)",0.9252685660906118
"(13, 21, 29)","(27,)",0.9179796107506951
"(13, 27, 67)","(21,)",0.9017412935323383
"(13, 21, 67)","(27,)",0.9096612296110415
"(13, 27, 117)","(21,)",0.9254901960784314
"(13, 21, 117)","(27,)",0.9161490683229814
"(13, 21, 119)","(27,)",0.9104046242774566
"(13, 25, 26)","(24,)",0.9220219435736677
"(13, 25, 27)","(24,)",0.9512032085561497
"(13, 24, 27)","(25,)",0.9401012992732878
"(13, 24, 25)","(27,)",0.9662743322770484
"(13, 25, 28)","(24,)",0.9103068450039339
"(13, 25, 29)","(24,)",0.9178899082568808
"(13, 25, 117)","(24,)",0.9070660522273426
"(13, 26, 27)","(24,)",0.9453338539632956
"(13, 24, 26)","(27,)",0.9198328267477204
"(13, 27, 28)","(24,)",0.9432989690721649
"(13, 24, 28)","(27,)",0.9028462998102467
"(13, 27, 29)","(24,)",0.9542269967304998
"(13, 24, 29)","(27,)",0.914503133393017
"(13, 27, 30)","(24,)",0.9145021645021645
"(13, 24, 30)","(27,)",0.9066523605150214
"(13, 27, 67)","(24,)",0.9203980099502488
"(13, 27, 117)","(24,)",0.9419607843137255
"(13, 27, 119)","(24,)",0.9262062440870388
"(13, 26, 27)","(25,)",0.9285435376805935
"(13, 25, 26)","(27,)",0.9318181818181818
"(13, 27, 28)","(25,)",0.9254559873116575
"(13, 25, 28)","(27,)",0.918174665617624
"(13, 27, 29)","(25,)",0.930873423633816
"(13, 25, 29)","(27,)",0.9142201834862386
"(13, 27, 30)","(25,)",0.9166666666666666
"(13, 27, 67)","(25,)",0.914179104477612
"(13, 27, 117)","(25,)",0.9294117647058824
"(13, 25, 117)","(27,)",0.9101382488479263
"(13, 27, 119)","(25,)",0.9091769157994324
"(24, 25, 26)","(21,)",0.9445774888812863
"(21, 25, 26)","(24,)",0.9545375972342265
"(21, 24, 26)","(25,)",0.9231026412571046
"(24, 25, 27)","(21,)",0.9494063785209902
"(21, 25, 27)","(24,)",0.9586304160463841
"(21, 24, 27)","(25,)",0.9392031933676211
"(21, 24, 25)","(27,)",0.9730396055352314
"(24, 25)","(21, 27)",0.910139105854348
"(21, 25)","(24, 27)",0.9217961274768327
"(24, 25, 28)","(21,)",0.9363826329231484
"(21, 25, 28)","(24,)",0.9532025525880407
"(21, 24, 28)","(25,)",0.921617915904936
"(24, 25, 29)","(21,)",0.9377956480605487
"(21, 25, 29)","(24,)",0.9626122845350813
"(21, 24, 29)","(25,)",0.9307511737089202
"(24, 25, 30)","(21,)",0.9262962962962963
"(21, 25, 30)","(24,)",0.9444864048338368
"(21, 24, 30)","(25,)",0.9161172161172161
"(24, 25, 67)","(21,)",0.9305058763413387
"(21, 25, 67)","(24,)",0.942058975685463
"(21, 24, 67)","(25,)",0.9073243647234679
"(24, 25, 105)","(21,)",0.9357838795394154
"(21, 25, 105)","(24,)",0.9496629213483146
"(21, 24, 105)","(25,)",0.9296084469863617
"(24, 25, 106)","(21,)",0.9381980640357409
"(21, 25, 106)","(24,)",0.9417040358744395
"(21, 24, 106)","(25,)",0.9104046242774566
"(24, 25, 112)","(21,)",0.9201359388275276
"(21, 25, 112)","(24,)",0.9328165374677002
"(21, 24, 112)","(25,)",0.9055183946488294
"(24, 25, 117)","(21,)",0.9378551136363636
"(21, 25, 117)","(24,)",0.9510262873604609
"(21, 24, 117)","(25,)",0.9195682451253482
"(24, 25, 119)","(21,)",0.9220231822971549
"(21, 25, 119)","(24,)",0.9464575446187128
"(21, 24, 119)","(25,)",0.9086188992731049
"(24, 25, 231)","(21,)",0.9152317880794701
"(21, 25, 231)","(24,)",0.937584803256445
"(21, 24, 231)","(25,)",0.9068241469816273
"(24, 25, 249)","(21,)",0.9281767955801105
"(21, 25, 249)","(24,)",0.9343715239154616
"(21, 24, 249)","(25,)",0.9120521172638436
"(24, 25, 250)","(21,)",0.9217970049916805
"(21, 25, 250)","(24,)",0.9437819420783645
"(21, 24, 250)","(25,)",0.9022801302931596
"(24, 25, 295)","(21,)",0.9332477535301669
"(21, 25, 295)","(24,)",0.9478487614080835
"(24, 25, 353)","(21,)",0.9402277039848197
"(21, 25, 353)","(24,)",0.9510556621880998
"(21, 24, 353)","(25,)",0.9116835326586936
"(24, 25, 355)","(21,)",0.9337016574585635
"(21, 25, 355)","(24,)",0.9326710816777042
"(21, 24, 355)","(25,)",0.9337016574585635
"(24, 25, 386)","(21,)",0.9214659685863874
"(21, 25, 386)","(24,)",0.9395017793594306
"(21, 24, 386)","(25,)",0.9134948096885813
"(24, 25, 447)","(21,)",0.9545454545454546
"(21, 25, 447)","(24,)",0.9604989604989606
"(21, 24, 447)","(25,)",0.9552033080634046
"(24, 25, 449)","(21,)",0.9524617996604414
"(21, 25, 449)","(24,)",0.949238578680203
"(21, 24, 449)","(25,)",0.9396984924623115
"(24, 26, 27)","(21,)",0.9537485389881449
"(21, 26, 27)","(24,)",0.9559832635983263
"(21, 24, 26)","(27,)",0.954864593781344
"(24, 26, 28)","(21,)",0.9067572668931673
"(21, 26, 28)","(24,)",0.9357226334242306
"(24, 26, 29)","(21,)",0.9203431372549019
"(21, 26, 29)","(24,)",0.9450503355704698
"(21, 26, 30)","(24,)",0.9120586275816123
"(24, 26, 67)","(21,)",0.9112602535421327
"(21, 26, 67)","(24,)",0.9174174174174174
"(24, 26, 105)","(21,)",0.9113924050632911
"(21, 26, 105)","(24,)",0.9263157894736842
"(24, 26, 106)","(21,)",0.9131016042780749
"(21, 26, 106)","(24,)",0.9204851752021563
"(24, 26, 117)","(21,)",0.9202453987730062
"(21, 26, 117)","(24,)",0.9227614490772386
"(21, 26, 119)","(24,)",0.9228699551569507
"(24, 26, 447)","(21,)",0.9518633540372671
"(21, 26, 447)","(24,)",0.9416282642089093
"(24, 27, 28)","(21,)",0.946246314356997
"(21, 27, 28)","(24,)",0.9573198715006884
"(21, 24, 28)","(27,)",0.953382084095064
"(24, 27, 29)","(21,)",0.945876887340302
"(21, 27, 29)","(24,)",0.9644718143060161
"(21, 24, 29)","(27,)",0.955868544600939
"(24, 27, 30)","(21,)",0.9375456537618699
"(21, 27, 30)","(24,)",0.9447920500552079
"(21, 24, 30)","(27,)",0.9402930402930403
"(24, 27, 67)","(21,)",0.9442491210447012
"(21, 27, 67)","(24,)",0.9447236180904522
"(21, 24, 67)","(27,)",0.9367214748380668
"(24, 27, 105)","(21,)",0.9428571428571428
"(21, 27, 105)","(24,)",0.9498473615351068
"(21, 24, 105)","(27,)",0.9582050153981522
"(24, 27, 106)","(21,)",0.9498910675381264
"(21, 27, 106)","(24,)",0.9464544138929089
"(21, 24, 106)","(27,)",0.9450867052023122
"(24, 27, 112)","(21,)",0.9310631229235881
"(21, 27, 112)","(24,)",0.9349457881567973
"(21, 24, 112)","(27,)",0.9372909698996655
"(24, 27, 117)","(21,)",0.948744769874477
"(21, 27, 117)","(24,)",0.9527310924369747
"(21, 24, 117)","(27,)",0.9474233983286908
"(24, 27, 119)","(21,)",0.930137684854666
"(21, 27, 119)","(24,)",0.9490114464099896
"(21, 24, 119)","(27,)",0.9470404984423676
"(24, 27, 231)","(21,)",0.9311258278145695
"(21, 27, 231)","(24,)",0.9348404255319149
"(21, 24, 231)","(27,)",0.9225721784776902
"(24, 27, 249)","(21,)",0.9381663113006397
"(21, 27, 249)","(24,)",0.944206008583691
"(21, 24, 249)","(27,)",0.9554831704668838
"(24, 27, 250)","(21,)",0.9212218649517685
"(21, 27, 250)","(24,)",0.943986820428336
"(21, 24, 250)","(27,)",0.9332247557003257
"(24, 27, 295)","(21,)",0.949874686716792
"(21, 27, 295)","(24,)",0.9510664993726474
"(21, 24, 295)","(27,)",0.9369592088998764
"(24, 27, 353)","(21,)",0.9574468085106383
"(21, 27, 353)","(24,)",0.9556786703601108
"(21, 24, 353)","(27,)",0.952161913523459
"(24, 27, 355)","(21,)",0.9492833517089305
"(21, 27, 355)","(24,)",0.9368879216539717
"(21, 24, 355)","(27,)",0.9513812154696133
"(24, 27, 386)","(21,)",0.9366980325064157
"(21, 27, 386)","(24,)",0.9423407917383821
"(21, 24, 386)","(27,)",0.9472318339100346
"(24, 27, 447)","(21,)",0.9576502732240437
"(21, 27, 447)","(24,)",0.9629120879120879
"(21, 24, 447)","(27,)",0.9662301860785665
"(27, 447)","(21, 24)",0.906856403622251
"(21, 447)","(24, 27)",0.9033505154639175
"(24, 27, 449)","(21,)",0.9537953795379538
"(21, 27, 449)","(24,)",0.9413680781758957
"(21, 24, 449)","(27,)",0.9681742043551089
"(24, 27, 597)","(21,)",0.9363166953528399
"(21, 27, 597)","(24,)",0.9395509499136442
"(21, 24, 597)","(27,)",0.9331046312178388
"(24, 28, 29)","(21,)",0.9032793690327937
"(21, 28, 29)","(24,)",0.9355116079105761
"(21, 28, 30)","(24,)",0.9061810154525386
"(24, 28, 67)","(21,)",0.9058402860548271
"(21, 28, 67)","(24,)",0.9156626506024096
"(21, 28, 105)","(24,)",0.9228187919463087
"(21, 28, 117)","(24,)",0.9329858525688757
"(21, 28, 119)","(24,)",0.9046121593291404
"(21, 29, 30)","(24,)",0.9216710182767625
"(24, 29, 67)","(21,)",0.9030054644808743
"(21, 29, 67)","(24,)",0.9155124653739612
"(24, 29, 117)","(21,)",0.9074759437453738
"(21, 29, 117)","(24,)",0.9401840490797546
"(21, 29, 119)","(24,)",0.9251870324189526
"(24, 29, 353)","(21,)",0.9123020706455542
"(21, 29, 353)","(24,)",0.9258343634116193
"(21, 30, 105)","(24,)",0.9052890528905289
"(21, 30, 106)","(24,)",0.913769123783032
"(21, 117, 119)","(24,)",0.914327917282127
"(21, 117, 386)","(24,)",0.916247906197655
"(25, 26, 27)","(21,)",0.9437764606265876
"(21, 26, 27)","(25,)",0.9327196652719665
"(21, 25, 26)","(27,)",0.9633535004321521
"(21, 26, 28)","(25,)",0.9026100506427737
"(25, 26, 29)","(21,)",0.9082530372852954
"(21, 26, 29)","(25,)",0.9093959731543624
"(25, 26, 105)","(21,)",0.9151943462897526
"(21, 26, 105)","(25,)",0.9087719298245615
"(25, 26, 117)","(21,)",0.902557014512785
"(25, 26, 447)","(21,)",0.9457364341085271
"(21, 26, 447)","(25,)",0.9370199692780338
"(25, 27, 28)","(21,)",0.9352765664448015
"(21, 27, 28)","(25,)",0.9350619550252409
"(21, 25, 28)","(27,)",0.9631292838572442
"(25, 27, 29)","(21,)",0.9358251057827927
"(21, 27, 29)","(25,)",0.9429180483183326
"(21, 25, 29)","(27,)",0.9664967225054625
"(25, 27, 30)","(21,)",0.9208029197080292
"(21, 27, 30)","(25,)",0.9285977180714022
"(21, 25, 30)","(27,)",0.9527945619335347
"(25, 27, 67)","(21,)",0.9324256177508825
"(21, 27, 67)","(25,)",0.9291457286432161
"(21, 25, 67)","(27,)",0.9565442317640973
"(25, 27, 105)","(21,)",0.9316608996539792
"(21, 27, 105)","(25,)",0.9393807239424335
"(21, 25, 105)","(27,)",0.9680898876404495
"(25, 27, 106)","(21,)",0.9330909090909091
"(21, 27, 106)","(25,)",0.9283646888567294
"(21, 25, 106)","(27,)",0.9588938714499252
"(25, 27, 112)","(21,)",0.9185369908561929
"(21, 27, 112)","(25,)",0.9216013344453712
"(21, 25, 112)","(27,)",0.9517657192075797
"(25, 27, 117)","(21,)",0.9395759717314488
"(21, 27, 117)","(25,)",0.9310224089635855
"(21, 25, 117)","(27,)",0.9575081022686353
"(25, 27, 119)","(21,)",0.9205436487192891
"(21, 27, 119)","(25,)",0.9162330905306972
"(21, 25, 119)","(27,)",0.9524067063277447
"(25, 27, 231)","(21,)",0.9142480211081794
"(21, 27, 231)","(25,)",0.9215425531914894
"(21, 25, 231)","(27,)",0.9402985074626866
"(25, 27, 249)","(21,)",0.9320388349514563
"(21, 27, 249)","(25,)",0.927038626609442
"(21, 25, 249)","(27,)",0.9610678531701891
"(25, 27, 250)","(21,)",0.9119086460032626
"(21, 27, 250)","(25,)",0.9209225700164745
"(21, 25, 250)","(27,)",0.9522998296422487
"(25, 27, 295)","(21,)",0.9241466498103666
"(21, 27, 295)","(25,)",0.917189460476788
"(21, 25, 295)","(27,)",0.9530638852672751
"(25, 27, 353)","(21,)",0.9420018709073901
"(21, 27, 353)","(25,)",0.9298245614035088
"(21, 25, 353)","(27,)",0.9664107485604606
"(25, 27, 355)","(21,)",0.9341963322545846
"(21, 27, 355)","(25,)",0.9423286180631121
"(21, 25, 355)","(27,)",0.9558498896247241
"(25, 27, 386)","(21,)",0.9277730008598453
"(21, 27, 386)","(25,)",0.9285714285714286
"(21, 25, 386)","(27,)",0.9599644128113879
"(25, 27, 447)","(21,)",0.9554794520547946
"(21, 27, 447)","(25,)",0.9581043956043956
"(21, 25, 447)","(27,)",0.9667359667359667
"(27, 447)","(21, 25)",0.9023285899094438
"(25, 27, 449)","(21,)",0.9487603305785124
"(21, 27, 449)","(25,)",0.9348534201954397
"(21, 25, 449)","(27,)",0.9712351945854484
"(21, 28, 105)","(25,)",0.9060402684563759
"(21, 29, 117)","(25,)",0.901840490797546
"(26, 27, 28)","(21,)",0.9345354762838103
"(21, 26, 28)","(27,)",0.9287105570705103
"(26, 27, 29)","(21,)",0.9413254537779654
"(21, 26, 29)","(27,)",0.9354026845637584
"(26, 27, 30)","(21,)",0.9219712525667351
"(26, 27, 67)","(21,)",0.9331283627978478
"(21, 26, 67)","(27,)",0.9114114114114115
"(26, 27, 105)","(21,)",0.936094674556213
"(21, 26, 105)","(27,)",0.9251461988304094
"(26, 27, 106)","(21,)",0.9392265193370166
"(21, 26, 106)","(27,)",0.9164420485175202
"(26, 27, 117)","(21,)",0.9389044943820225
"(21, 26, 117)","(27,)",0.9138755980861244
"(26, 27, 119)","(21,)",0.9247311827956989
"(21, 26, 119)","(27,)",0.9255605381165919
"(26, 27, 447)","(21,)",0.9594383775351014
"(21, 26, 447)","(27,)",0.9447004608294931
"(27, 28, 29)","(21,)",0.9293408013787161
"(21, 28, 29)","(27,)",0.9273430782459158
"(27, 28, 30)","(21,)",0.9007803790412486
"(27, 28, 67)","(21,)",0.9290953545232273
"(21, 28, 67)","(27,)",0.9156626506024096
"(27, 28, 105)","(21,)",0.9195402298850575
"(21, 28, 105)","(27,)",0.9395973154362416
"(27, 28, 117)","(21,)",0.9255639097744361
"(21, 28, 117)","(27,)",0.9166046165301563
"(27, 28, 119)","(21,)",0.9067085953878407
"(21, 28, 119)","(27,)",0.9067085953878407
"(27, 29, 67)","(21,)",0.9134751773049645
"(27, 29, 105)","(21,)",0.9259896729776248
"(21, 29, 105)","(27,)",0.9405594405594405
"(27, 29, 117)","(21,)",0.9292307692307692
"(21, 29, 117)","(27,)",0.9263803680981595
"(21, 29, 119)","(27,)",0.9114713216957606
"(27, 29, 353)","(21,)",0.9394703656998739
"(21, 29, 353)","(27,)",0.9208899876390606
"(27, 30, 67)","(21,)",0.9055555555555556
"(27, 30, 105)","(21,)",0.916256157635468
"(21, 30, 105)","(27,)",0.915129151291513
"(27, 30, 106)","(21,)",0.9085794655414908
"(27, 30, 112)","(21,)",0.9102941176470588
"(27, 117, 119)","(21,)",0.9216867469879518
"(21, 117, 119)","(27,)",0.9039881831610044
"(27, 117, 386)","(21,)",0.9294320137693631
"(21, 117, 386)","(27,)",0.9045226130653267
"(25, 26, 27)","(24,)",0.9510584250635055
"(24, 26, 27)","(25,)",0.9377191517782602
"(24, 25, 26)","(27,)",0.9606568593910366
"(25, 26, 28)","(24,)",0.9159240604416893
"(25, 26, 29)","(24,)",0.9317134478424801
"(24, 26, 29)","(25,)",0.9084967320261438
"(25, 26, 105)","(24,)",0.9246171967020024
"(24, 26, 105)","(25,)",0.903337169159954
"(25, 26, 117)","(24,)",0.9184519695922598
"(24, 26, 117)","(25,)",0.9059304703476483
"(25, 26, 119)","(24,)",0.9147005444646098
"(25, 26, 447)","(24,)",0.9410852713178295
"(24, 26, 447)","(25,)",0.9425465838509317
"(25, 27, 28)","(24,)",0.9495065411980721
"(24, 27, 28)","(25,)",0.9383080063506464
"(24, 25, 28)","(27,)",0.9605293707917344
"(25, 27, 29)","(24,)",0.9565115185707569
"(24, 27, 29)","(25,)",0.9451800232288037
"(24, 25, 29)","(27,)",0.9623935666982024
"(25, 27, 30)","(24,)",0.9354014598540146
"(24, 27, 30)","(25,)",0.9360847333820307
"(24, 25, 30)","(27,)",0.9492592592592592
"(25, 27, 67)","(24,)",0.9364599092284418
"(24, 27, 67)","(25,)",0.9326971371170266
"(24, 25, 67)","(27,)",0.9489013796627491
"(25, 27, 105)","(24,)",0.9446366782006921
"(24, 27, 105)","(25,)",0.9454545454545454
"(24, 25, 105)","(27,)",0.9672276350752879
"(25, 27, 106)","(24,)",0.936
"(24, 27, 106)","(25,)",0.934640522875817
"(24, 25, 106)","(27,)",0.9583023082650782
"(25, 27, 112)","(24,)",0.9310058187863675
"(24, 27, 112)","(25,)",0.9302325581395349
"(24, 25, 112)","(27,)",0.9515717926932881
"(25, 27, 117)","(24,)",0.9480565371024735
"(24, 27, 117)","(25,)",0.9354951185495118
"(24, 25, 117)","(27,)",0.9527698863636364
"(25, 27, 119)","(24,)",0.9393622582331417
"(24, 27, 119)","(25,)",0.9163691993880673
"(24, 25, 119)","(27,)",0.946786090621707
"(25, 27, 231)","(24,)",0.9274406332453826
"(24, 27, 231)","(25,)",0.9311258278145695
"(24, 25, 231)","(27,)",0.9311258278145695
"(25, 27, 249)","(24,)",0.9363538295577131
"(24, 27, 249)","(25,)",0.9253731343283582
"(24, 25, 249)","(27,)",0.9591160220994475
"(25, 27, 250)","(24,)",0.9347471451876019
"(24, 27, 250)","(25,)",0.9212218649517685
"(24, 25, 250)","(27,)",0.9534109816971714
"(25, 27, 295)","(24,)",0.9367888748419722
"(24, 27, 295)","(25,)",0.9285714285714286
"(24, 25, 295)","(27,)",0.9512195121951219
"(25, 27, 353)","(24,)",0.9448082319925164
"(24, 27, 353)","(25,)",0.9343200740055504
"(24, 25, 353)","(27,)",0.9582542694497154
"(25, 27, 355)","(24,)",0.9277238403451996
"(24, 27, 355)","(25,)",0.948180815876516
"(24, 25, 355)","(27,)",0.9502762430939227
"(25, 27, 386)","(24,)",0.938091143594153
"(24, 27, 386)","(25,)",0.9332763045337895
"(24, 25, 386)","(27,)",0.9520069808027923
"(25, 27, 446)","(24,)",0.9476439790575916
"(24, 27, 446)","(25,)",0.9476439790575916
"(24, 25, 446)","(27,)",0.9748653500897666
"(25, 27, 447)","(24,)",0.9616438356164384
"(24, 27, 447)","(25,)",0.9590163934426229
"(24, 25, 447)","(27,)",0.9669421487603306
"(27, 447)","(24, 25)",0.908150064683053
"(25, 27, 449)","(24,)",0.9421487603305785
"(24, 27, 449)","(25,)",0.9405940594059405
"(24, 25, 449)","(27,)",0.967741935483871
"(25, 27, 597)","(24,)",0.9337979094076655
"(24, 27, 597)","(25,)",0.9225473321858864
"(24, 25, 597)","(27,)",0.9554367201426025
"(25, 28, 29)","(24,)",0.915138592750533
"(25, 28, 105)","(24,)",0.9217970049916805
"(25, 28, 117)","(24,)",0.9038179148311307
"(24, 29, 67)","(25,)",0.9002732240437158
"(25, 29, 105)","(24,)",0.9266211604095563
"(24, 29, 105)","(25,)",0.9187817258883249
"(25, 29, 117)","(24,)",0.9151651651651652
"(24, 29, 117)","(25,)",0.9022945965951147
"(25, 29, 353)","(24,)",0.905940594059406
"(25, 117, 386)","(24,)",0.9036544850498339
"(26, 27, 28)","(24,)",0.9443355546844375
"(24, 26, 28)","(27,)",0.9093997734994338
"(26, 27, 29)","(24,)",0.9556775010552976
"(24, 26, 29)","(27,)",0.9248366013071896
"(26, 27, 30)","(24,)",0.9322381930184805
"(26, 27, 67)","(24,)",0.9254419677171407
"(26, 27, 105)","(24,)",0.9384615384615385
"(24, 26, 105)","(27,)",0.9125431530494822
"(26, 27, 106)","(24,)",0.9350828729281768
"(24, 26, 106)","(27,)",0.9050802139037433
"(26, 27, 117)","(24,)",0.9452247191011236
"(24, 26, 117)","(27,)",0.9175187457396047
"(26, 27, 119)","(24,)",0.9390681003584229
"(24, 26, 119)","(27,)",0.9120974760661444
"(26, 27, 447)","(24,)",0.9625585023400937
"(24, 26, 447)","(27,)",0.9580745341614907
"(27, 28, 29)","(24,)",0.944851357173632
"(24, 28, 29)","(27,)",0.9103362391033624
"(27, 28, 30)","(24,)",0.9253065774804905
"(27, 28, 67)","(24,)",0.9303178484107579
"(24, 28, 67)","(27,)",0.9070321811680572
"(27, 28, 105)","(24,)",0.9326765188834154
"(24, 28, 105)","(27,)",0.9176090468497576
"(27, 28, 117)","(24,)",0.9398496240601504
"(27, 28, 119)","(24,)",0.9245283018867925
"(27, 29, 30)","(24,)",0.9336801040312094
"(27, 29, 67)","(24,)",0.9304964539007092
"(27, 29, 105)","(24,)",0.9414802065404475
"(24, 29, 105)","(27,)",0.9255499153976311
"(27, 29, 117)","(24,)",0.9484615384615385
"(24, 29, 117)","(27,)",0.9126572908956329
"(27, 29, 119)","(24,)",0.9386503067484663
"(27, 29, 353)","(24,)",0.9407313997477932
"(24, 29, 353)","(27,)",0.9086479902557856
"(27, 30, 67)","(24,)",0.9166666666666666
"(27, 30, 105)","(24,)",0.9224137931034483
"(24, 30, 105)","(27,)",0.9089805825242718
"(27, 30, 106)","(24,)",0.9127988748241913
"(27, 30, 112)","(24,)",0.9102941176470588
"(27, 117, 119)","(24,)",0.9307228915662651
"(27, 117, 386)","(24,)",0.9345955249569707
"(26, 27, 28)","(25,)",0.9282634261074089
"(25, 26, 28)","(27,)",0.9174738473459899
"(26, 27, 29)","(25,)",0.9349936682144365
"(25, 26, 29)","(27,)",0.9279430247172182
"(26, 27, 30)","(25,)",0.920602327173169
"(26, 27, 67)","(25,)",0.9146810146041506
"(26, 27, 105)","(25,)",0.9384615384615385
"(25, 26, 105)","(27,)",0.934040047114252
"(26, 27, 106)","(25,)",0.925414364640884
"(25, 26, 106)","(27,)",0.901749663526245
"(26, 27, 117)","(25,)",0.9269662921348315
"(25, 26, 117)","(27,)",0.912232204561161
"(26, 27, 119)","(25,)",0.9023297491039427
"(25, 26, 119)","(27,)",0.9137931034482759
"(26, 27, 447)","(25,)",0.953198127925117
"(25, 26, 447)","(27,)",0.9472868217054263
"(27, 28, 29)","(25,)",0.9293408013787161
"(25, 28, 29)","(27,)",0.9198294243070363
"(27, 28, 30)","(25,)",0.9130434782608695
"(27, 28, 67)","(25,)",0.921760391198044
"(27, 28, 105)","(25,)",0.9277504105090312
"(25, 28, 105)","(27,)",0.940099833610649
"(27, 28, 117)","(25,)",0.9233082706766917
"(25, 28, 117)","(27,)",0.9016152716593245
"(27, 28, 119)","(25,)",0.9067085953878407
"(25, 28, 119)","(27,)",0.9010416666666666
"(27, 29, 30)","(25,)",0.9271781534460338
"(27, 29, 67)","(25,)",0.9333333333333333
"(27, 29, 105)","(25,)",0.9500860585197934
"(25, 29, 105)","(27,)",0.9419795221843004
"(27, 29, 117)","(25,)",0.9307692307692308
"(25, 29, 117)","(27,)",0.9084084084084084
"(27, 29, 119)","(25,)",0.9177914110429448
"(27, 29, 353)","(25,)",0.9331651954602774
"(25, 29, 353)","(27,)",0.9158415841584159
"(27, 30, 105)","(25,)",0.9199507389162561
"(25, 30, 105)","(27,)",0.9043583535108959
"(27, 30, 106)","(25,)",0.9043600562587905
"(27, 117, 119)","(25,)",0.9126506024096386
"(27, 117, 386)","(25,)",0.9225473321858864
"(13, 24, 25, 26)","(21,)",0.944326391840204
"(13, 21, 25, 26)","(24,)",0.9623213512343005
"(13, 21, 24, 26)","(25,)",0.926605504587156
"(13, 24, 25, 27)","(21,)",0.947528695244788
"(13, 21, 25, 27)","(24,)",0.9681665868836764
"(13, 21, 24, 27)","(25,)",0.9437704153056463
"(13, 21, 24, 25)","(27,)",0.9775253745770904
"(13, 25, 27)","(21, 24)",0.9012923351158645
"(13, 24, 25)","(21, 27)",0.9155726573110005
"(13, 21, 27)","(24, 25)",0.9079685746352413
"(13, 21, 25)","(24, 27)",0.9359093012494215
"(13, 21, 24)","(25, 27)",0.9041126508717032
"(13, 24, 25, 28)","(21,)",0.9330164217804667
"(13, 21, 25, 28)","(24,)",0.9599822143174744
"(13, 21, 24, 28)","(25,)",0.9222554463904314
"(13, 24, 25, 29)","(21,)",0.9370314842578711
"(13, 21, 25, 29)","(24,)",0.96849173553719
"(13, 21, 24, 29)","(25,)",0.9286775631500743
"(13, 24, 25, 30)","(21,)",0.9205776173285198
"(13, 21, 25, 30)","(24,)",0.9503105590062112
"(13, 21, 24, 30)","(25,)",0.9329268292682927
"(13, 24, 25, 67)","(21,)",0.9238227146814404
"(13, 21, 25, 67)","(24,)",0.9501424501424501
"(13, 21, 24, 67)","(25,)",0.9099590723055935
"(13, 24, 25, 117)","(21,)",0.934801016088061
"(13, 21, 25, 117)","(24,)",0.9608355091383812
"(13, 21, 24, 117)","(25,)",0.9215358931552587
"(13, 24, 25, 119)","(21,)",0.9202518363064008
"(13, 21, 25, 119)","(24,)",0.9542981501632208
"(13, 21, 24, 119)","(25,)",0.9192872117400419
"(13, 24, 26, 27)","(21,)",0.9549772821148286
"(13, 21, 26, 27)","(24,)",0.9661512745507731
"(13, 21, 24, 26)","(27,)",0.9641367806505421
"(13, 26, 27)","(21, 24)",0.9027723545490043
"(13, 21, 26)","(24, 27)",0.9080911233307148
"(13, 24, 26, 28)","(21,)",0.9045454545454545
"(13, 21, 26, 28)","(24,)",0.9463315217391305
"(13, 24, 26, 29)","(21,)",0.9162182936202921
"(13, 21, 26, 29)","(24,)",0.9543634907926342
"(13, 24, 26, 117)","(21,)",0.914364640883978
"(13, 21, 26, 117)","(24,)",0.9376770538243626
"(13, 21, 26, 119)","(24,)",0.9435215946843853
"(13, 24, 27, 28)","(21,)",0.9432534678436317
"(13, 21, 27, 28)","(24,)",0.9672413793103448
"(13, 21, 24, 28)","(27,)",0.9585647159333618
"(13, 24, 27, 29)","(21,)",0.9461576113558492
"(13, 21, 27, 29)","(24,)",0.9757698132256436
"(13, 21, 24, 29)","(27,)",0.9574046557701833
"(13, 27, 29)","(21, 24)",0.9028491359177955
"(13, 24, 27, 30)","(21,)",0.9242603550295858
"(13, 21, 27, 30)","(24,)",0.9489671931956257
"(13, 21, 24, 30)","(27,)",0.9524390243902439
"(13, 24, 27, 67)","(21,)",0.9364864864864865
"(13, 21, 27, 67)","(24,)",0.9558620689655173
"(13, 21, 24, 67)","(27,)",0.9454297407912687
"(13, 24, 27, 117)","(21,)",0.9475437135720233
"(13, 21, 27, 117)","(24,)",0.964406779661017
"(13, 21, 24, 117)","(27,)",0.9499165275459098
"(13, 24, 27, 119)","(21,)",0.9254341164453525
"(13, 21, 27, 119)","(24,)",0.9587301587301588
"(13, 21, 24, 119)","(27,)",0.949685534591195
"(13, 21, 28, 29)","(24,)",0.9423778264040846
"(13, 21, 28, 117)","(24,)",0.9424083769633508
"(13, 21, 28, 119)","(24,)",0.918918918918919
"(13, 24, 29, 117)","(21,)",0.9025069637883009
"(13, 21, 29, 117)","(24,)",0.9487554904831625
"(13, 25, 26, 27)","(21,)",0.945332211942809
"(13, 21, 26, 27)","(25,)",0.9394066025908901
"(13, 21, 25, 26)","(27,)",0.9735816370723257
"(13, 25, 26, 28)","(21,)",0.9058265582655827
"(13, 21, 26, 28)","(25,)",0.9082880434782609
"(13, 25, 26, 29)","(21,)",0.9098164405426975
"(13, 21, 26, 29)","(25,)",0.9127301841473179
"(13, 25, 26, 117)","(21,)",0.9106628242074928
"(13, 21, 26, 119)","(25,)",0.9003322259136213
"(13, 25, 27, 28)","(21,)",0.9327335047129391
"(13, 21, 27, 28)","(25,)",0.9383620689655172
"(13, 21, 25, 28)","(27,)",0.9679857714539796
"(13, 25, 27, 29)","(21,)",0.9357752132463623
"(13, 21, 27, 29)","(25,)",0.9414437152953054
"(13, 21, 25, 29)","(27,)",0.9633264462809917
"(13, 25, 27, 30)","(21,)",0.9126328217237308
"(13, 21, 27, 30)","(25,)",0.9392466585662211
"(13, 21, 25, 30)","(27,)",0.9602484472049689
"(13, 25, 27, 67)","(21,)",0.9224489795918367
"(13, 21, 27, 67)","(25,)",0.9351724137931035
"(13, 21, 25, 67)","(27,)",0.9658119658119658
"(13, 25, 27, 117)","(21,)",0.9367088607594937
"(13, 21, 27, 117)","(25,)",0.940677966101695
"(13, 21, 25, 117)","(27,)",0.9660574412532638
"(13, 25, 27, 119)","(21,)",0.9167533818938606
"(13, 21, 27, 119)","(25,)",0.9322751322751323
"(13, 21, 25, 119)","(27,)",0.9586507072905331
"(13, 26, 27, 28)","(21,)",0.9331081081081081
"(13, 21, 26, 28)","(27,)",0.9381793478260869
"(13, 26, 27, 29)","(21,)",0.9420289855072463
"(13, 21, 26, 29)","(27,)",0.9367493995196157
"(13, 26, 27, 117)","(21,)",0.9421128798842258
"(13, 21, 26, 117)","(27,)",0.9220963172804533
"(13, 26, 27, 119)","(21,)",0.9214402618657938
"(13, 21, 26, 119)","(27,)",0.9352159468438538
"(13, 27, 28, 29)","(21,)",0.9294636296840558
"(13, 21, 28, 29)","(27,)",0.9226841721371262
"(13, 27, 28, 117)","(21,)",0.923784494086728
"(13, 21, 28, 117)","(27,)",0.9201570680628273
"(13, 27, 28, 119)","(21,)",0.902668759811617
"(13, 21, 28, 119)","(27,)",0.9141494435612083
"(13, 27, 29, 117)","(21,)",0.9265785609397944
"(13, 21, 29, 117)","(27,)",0.9238653001464129
"(13, 25, 26, 27)","(24,)",0.95878889823381
"(13, 24, 26, 27)","(25,)",0.9417596034696406
"(13, 24, 25, 26)","(27,)",0.9689757756056099
"(13, 25, 26, 28)","(24,)",0.9288617886178862
"(13, 25, 26, 29)","(24,)",0.9361532322426177
"(13, 24, 26, 29)","(25,)",0.9016141429669485
"(13, 25, 26, 117)","(24,)",0.9279538904899135
"(13, 25, 26, 119)","(24,)",0.9178981937602627
"(13, 25, 27, 28)","(24,)",0.9571550985432733
"(13, 24, 27, 28)","(25,)",0.9390500210172341
"(13, 24, 25, 28)","(27,)",0.9654278305963699
"(13, 25, 27, 29)","(24,)",0.9668840943301555
"(13, 24, 27, 29)","(25,)",0.9432207537934411
"(13, 24, 25, 29)","(27,)",0.9630184907546226
"(13, 27, 29)","(24, 25)",0.9000467071461934
"(13, 25, 27, 30)","(24,)",0.9433293978748524
"(13, 24, 27, 30)","(25,)",0.9455621301775148
"(13, 24, 25, 30)","(27,)",0.9614921780986763
"(13, 25, 27, 67)","(24,)",0.9360544217687075
"(13, 24, 27, 67)","(25,)",0.9297297297297298
"(13, 24, 25, 67)","(27,)",0.9529085872576177
"(13, 25, 27, 117)","(24,)",0.9561181434599156
"(13, 24, 27, 117)","(25,)",0.9433805162364696
"(13, 24, 25, 117)","(27,)",0.9593564775613886
"(13, 25, 27, 119)","(24,)",0.9448491155046826
"(13, 24, 27, 119)","(25,)",0.9274770173646578
"(13, 24, 25, 119)","(27,)",0.9527806925498427
"(13, 25, 28, 29)","(24,)",0.9238026124818578
"(13, 25, 28, 117)","(24,)",0.9184993531694696
"(13, 25, 29, 117)","(24,)",0.9263005780346821
"(13, 26, 27, 28)","(24,)",0.9506756756756757
"(13, 24, 26, 28)","(27,)",0.9136363636363637
"(13, 26, 27, 29)","(24,)",0.9629629629629629
"(13, 24, 26, 29)","(27,)",0.9192928516525749
"(13, 26, 27, 117)","(24,)",0.9536903039073806
"(13, 24, 26, 117)","(27,)",0.9102209944751382
"(13, 26, 27, 119)","(24,)",0.9443535188216039
"(13, 24, 26, 119)","(27,)",0.9072327044025157
"(13, 27, 28, 29)","(24,)",0.9573842762674504
"(13, 24, 28, 29)","(27,)",0.9048611111111111
"(13, 27, 28, 117)","(24,)",0.9500657030223391
"(13, 27, 28, 119)","(24,)",0.9277864992150706
"(13, 27, 29, 117)","(24,)",0.9588839941262849
"(13, 24, 29, 117)","(27,)",0.9094707520891365
"(13, 26, 27, 28)","(25,)",0.9310810810810811
"(13, 25, 26, 28)","(27,)",0.9336043360433605
"(13, 26, 27, 29)","(25,)",0.9339774557165862
"(13, 25, 26, 29)","(27,)",0.9257781324820431
"(13, 26, 27, 117)","(25,)",0.9276410998552822
"(13, 25, 26, 117)","(27,)",0.9236311239193083
"(13, 26, 27, 119)","(25,)",0.9181669394435352
"(13, 25, 26, 119)","(27,)",0.9211822660098522
"(13, 27, 28, 29)","(25,)",0.9309331373989713
"(13, 25, 28, 29)","(27,)",0.9194484760522497
"(13, 27, 28, 117)","(25,)",0.926412614980289
"(13, 25, 28, 117)","(27,)",0.9120310478654593
"(13, 27, 28, 119)","(25,)",0.9089481946624803
"(13, 25, 28, 119)","(27,)",0.9075235109717869
"(13, 27, 29, 117)","(25,)",0.9309838472834068
"(13, 25, 29, 117)","(27,)",0.9161849710982659
"(24, 25, 26, 27)","(21,)",0.9570868945868946
"(21, 25, 26, 27)","(24,)",0.9644715593037861
"(21, 24, 26, 27)","(25,)",0.9410014005602241
"(21, 24, 25, 26)","(27,)",0.9733792104310033
"(25, 26, 27)","(21, 24)",0.9102455546147333
"(24, 25, 26)","(21, 27)",0.9194320903181663
"(21, 25, 26)","(24, 27)",0.9291270527225584
"(24, 25, 26, 28)","(21,)",0.9382402707275804
"(21, 25, 26, 28)","(24,)",0.9572723349158394
"(21, 24, 26, 28)","(25,)",0.9233971690258118
"(24, 25, 26, 29)","(21,)",0.9469424460431655
"(21, 25, 26, 29)","(24,)",0.9714022140221402
"(21, 24, 26, 29)","(25,)",0.9347536617842876
"(24, 25, 26, 30)","(21,)",0.9381980640357409
"(21, 25, 26, 30)","(24,)",0.9516616314199395
"(21, 24, 26, 30)","(25,)",0.9203798392987582
"(24, 25, 26, 67)","(21,)",0.9424216765453006
"(21, 25, 26, 67)","(24,)",0.9472340425531914
"(21, 24, 26, 67)","(25,)",0.9108019639934534
"(24, 25, 26, 105)","(21,)",0.9452229299363057
"(21, 25, 26, 105)","(24,)",0.954954954954955
"(21, 24, 26, 105)","(25,)",0.9368686868686869
"(24, 25, 26, 106)","(21,)",0.947129909365559
"(21, 25, 26, 106)","(24,)",0.947129909365559
"(21, 24, 26, 106)","(25,)",0.91800878477306
"(24, 25, 26, 117)","(21,)",0.944319036869827
"(21, 25, 26, 117)","(24,)",0.9609494640122511
"(21, 24, 26, 117)","(25,)",0.9296296296296296
"(24, 25, 26, 119)","(21,)",0.935515873015873
"(21, 25, 26, 119)","(24,)",0.9583333333333334
"(21, 24, 26, 119)","(25,)",0.9164237123420796
"(24, 25, 26, 447)","(21,)",0.9686985172981878
"(21, 25, 26, 447)","(24,)",0.9639344262295082
"(21, 24, 26, 447)","(25,)",0.9592169657422512
"(25, 26, 447)","(21, 24)",0.9116279069767442
"(24, 26, 447)","(21, 25)",0.9130434782608695
"(21, 26, 447)","(24, 25)",0.9032258064516129
"(24, 25, 27, 28)","(21,)",0.9499637418419145
"(21, 25, 27, 28)","(24,)",0.9644171779141104
"(21, 24, 27, 28)","(25,)",0.9419942473633749
"(21, 24, 25, 28)","(27,)",0.9744606992313415
"(25, 27, 28)","(21, 24)",0.9019967867798945
"(24, 25, 28)","(21, 27)",0.9124680752263756
"(21, 27, 28)","(24, 25)",0.9017898118402937
"(21, 25, 28)","(24, 27)",0.9288584259040416
"(24, 25, 27, 29)","(21,)",0.9506021135414107
"(21, 25, 27, 29)","(24,)",0.9716151720673197
"(21, 24, 27, 29)","(25,)",0.949901768172888
"(21, 24, 25, 29)","(27,)",0.9755359394703657
"(25, 27, 29)","(21, 24)",0.9092618711800659
"(24, 25, 29)","(21, 27)",0.9148533585619678
"(21, 27, 29)","(24, 25)",0.916153481762198
"(21, 25, 29)","(24, 27)",0.9390628793396455
"(21, 24, 29)","(25, 27)",0.907981220657277
"(24, 25, 27, 30)","(21,)",0.9434256730394069
"(21, 25, 27, 30)","(24,)",0.9583828775267539
"(21, 24, 27, 30)","(25,)",0.941955590183093
"(21, 24, 25, 30)","(27,)",0.9668132746901239
"(21, 25, 30)","(24, 27)",0.9131419939577039
"(24, 25, 27, 67)","(21,)",0.9488422186322025
"(21, 25, 27, 67)","(24,)",0.952947539210384
"(21, 24, 27, 67)","(25,)",0.9372340425531915
"(21, 24, 25, 67)","(27,)",0.9676002196595277
"(24, 25, 67)","(21, 27)",0.9003576903423608
"(21, 25, 67)","(24, 27)",0.9115364718054837
"(24, 25, 27, 105)","(21,)",0.9468864468864469
"(21, 25, 27, 105)","(24,)",0.9600742804085423
"(21, 24, 27, 105)","(25,)",0.9494949494949495
"(21, 24, 25, 105)","(27,)",0.9787032654992901
"(24, 25, 105)","(21, 27)",0.9158547387068202
"(21, 27, 105)","(24, 25)",0.9018752725686873
"(21, 25, 105)","(24, 27)",0.929438202247191
"(21, 24, 105)","(25, 27)",0.9098108227012759
"(24, 25, 27, 106)","(21,)",0.9557109557109557
"(21, 25, 27, 106)","(24,)",0.9586905689789555
"(21, 24, 27, 106)","(25,)",0.9403669724770642
"(21, 24, 25, 106)","(27,)",0.9761904761904762
"(24, 25, 106)","(21, 27)",0.9158600148920327
"(21, 25, 106)","(24, 27)",0.9192825112107623
"(24, 25, 27, 112)","(21,)",0.9401785714285714
"(21, 25, 27, 112)","(24,)",0.9529411764705882
"(21, 24, 27, 112)","(25,)",0.9393398751115076
"(21, 24, 25, 112)","(27,)",0.9722991689750693
"(21, 25, 112)","(24, 27)",0.9069767441860465
"(24, 25, 27, 117)","(21,)",0.9541557957510249
"(21, 25, 27, 117)","(24,)",0.9627679578789018
"(21, 24, 27, 117)","(25,)",0.9408305769937523
"(21, 24, 25, 117)","(27,)",0.96932979931844
"(25, 27, 117)","(21, 24)",0.9045936395759717
"(24, 25, 117)","(21, 27)",0.9090909090909091
"(21, 25, 117)","(24, 27)",0.9218581202736766
"(24, 25, 27, 119)","(21,)",0.9398998330550918
"(21, 25, 27, 119)","(24,)",0.959114139693356
"(21, 24, 27, 119)","(25,)",0.9259868421052632
"(21, 24, 25, 119)","(27,)",0.9651428571428572
"(21, 25, 119)","(24, 27)",0.9134667387777177
"(24, 25, 27, 231)","(21,)",0.9374110953058321
"(21, 25, 27, 231)","(24,)",0.950937950937951
"(21, 24, 27, 231)","(25,)",0.9374110953058321
"(21, 24, 25, 231)","(27,)",0.9536903039073806
"(24, 25, 27, 249)","(21,)",0.9470046082949308
"(21, 25, 27, 249)","(24,)",0.9513888888888888
"(21, 24, 27, 249)","(25,)",0.9340909090909091
"(21, 24, 25, 249)","(27,)",0.9785714285714285
"(24, 25, 249)","(21, 27)",0.9082872928176795
"(21, 25, 249)","(24, 27)",0.914349276974416
"(24, 25, 27, 295)","(21,)",0.9527665317139001
"(21, 25, 27, 295)","(24,)",0.9658002735978112
"(21, 24, 27, 295)","(25,)",0.9313984168865436
"(21, 24, 25, 295)","(27,)",0.9711141678129298
"(24, 25, 295)","(21, 27)",0.9062901155327343
"(21, 25, 295)","(24, 27)",0.9204693611473272
"(24, 25, 27, 353)","(21,)",0.9603960396039604
"(21, 25, 27, 353)","(24,)",0.9632571996027806
"(21, 24, 27, 353)","(25,)",0.9371980676328503
"(21, 24, 25, 353)","(27,)",0.9788092835519677
"(25, 27, 353)","(21, 24)",0.9073900841908326
"(24, 25, 353)","(21, 27)",0.920303605313093
"(21, 25, 353)","(24, 27)",0.9309021113243762
"(24, 25, 27, 355)","(21,)",0.9546511627906977
"(21, 25, 27, 355)","(24,)",0.9480369515011547
"(21, 24, 27, 355)","(25,)",0.9535423925667829
"(21, 24, 25, 355)","(27,)",0.9715976331360947
"(24, 27, 355)","(21, 25)",0.9051819184123484
"(24, 25, 355)","(21, 27)",0.907182320441989
"(21, 25, 355)","(24, 27)",0.9061810154525386
"(21, 24, 355)","(25, 27)",0.907182320441989
"(24, 25, 27, 386)","(21,)",0.9422548120989918
"(21, 25, 27, 386)","(24,)",0.9527340129749768
"(21, 24, 27, 386)","(25,)",0.9388127853881278
"(21, 24, 25, 386)","(27,)",0.9734848484848485
"(21, 25, 386)","(24, 27)",0.9145907473309609
"(24, 25, 27, 447)","(21,)",0.9650997150997151
"(21, 25, 27, 447)","(24,)",0.9713261648745519
"(21, 24, 27, 447)","(25,)",0.9664764621968617
"(21, 24, 25, 447)","(27,)",0.9776334776334776
"(25, 27, 447)","(21, 24)",0.928082191780822
"(24, 27, 447)","(21, 25)",0.9255464480874317
"(24, 25, 447)","(21, 27)",0.9331955922865014
"(21, 27, 447)","(24, 25)",0.9306318681318682
"(21, 25, 447)","(24, 27)",0.939015939015939
"(21, 24, 447)","(25, 27)",0.9338387319090282
"(24, 25, 27, 449)","(21,)",0.9614035087719298
"(21, 25, 27, 449)","(24,)",0.9547038327526133
"(21, 24, 27, 449)","(25,)",0.9480968858131488
"(21, 24, 25, 449)","(27,)",0.9768270944741533
"(25, 27, 449)","(21, 24)",0.9057851239669421
"(24, 27, 449)","(21, 25)",0.9042904290429042
"(24, 25, 449)","(21, 27)",0.9303904923599321
"(21, 25, 449)","(24, 27)",0.9272419627749577
"(21, 24, 449)","(25, 27)",0.9179229480737019
"(24, 25, 28, 29)","(21,)",0.9394221808014911
"(21, 25, 28, 29)","(24,)",0.9641319942611191
"(21, 24, 28, 29)","(25,)",0.9264705882352942
"(24, 25, 28, 30)","(21,)",0.9241126070991432
"(21, 25, 28, 30)","(24,)",0.9569074778200254
"(21, 24, 28, 30)","(25,)",0.9196102314250914
"(24, 25, 28, 67)","(21,)",0.9422043010752689
"(21, 25, 28, 67)","(24,)",0.944743935309973
"(21, 24, 28, 67)","(25,)",0.9223684210526316
"(24, 25, 28, 117)","(21,)",0.9333874898456539
"(21, 25, 28, 117)","(24,)",0.9607023411371237
"(21, 24, 28, 117)","(25,)",0.9169992019154031
"(24, 25, 28, 119)","(21,)",0.9203747072599532
"(21, 25, 28, 119)","(24,)",0.9413173652694611
"(21, 24, 28, 119)","(25,)",0.9107763615295481
"(24, 25, 29, 30)","(21,)",0.9162011173184358
"(21, 25, 29, 30)","(24,)",0.967551622418879
"(21, 24, 29, 30)","(25,)",0.9291784702549575
"(24, 25, 29, 67)","(21,)",0.928679817905918
"(21, 25, 29, 67)","(24,)",0.9547581903276131
"(21, 24, 29, 67)","(25,)",0.9258698940998488
"(24, 25, 29, 117)","(21,)",0.9360131255127153
"(21, 25, 29, 117)","(24,)",0.9702380952380952
"(21, 24, 29, 117)","(25,)",0.9306688417618271
"(24, 25, 29, 119)","(21,)",0.916
"(21, 25, 29, 119)","(24,)",0.9608391608391609
"(21, 24, 29, 119)","(25,)",0.9258760107816711
"(24, 25, 29, 353)","(21,)",0.9521857923497268
"(21, 25, 29, 353)","(24,)",0.9613793103448276
"(21, 24, 29, 353)","(25,)",0.9305740987983978
"(24, 25, 30, 67)","(21,)",0.9314641744548287
"(21, 25, 30, 67)","(24,)",0.9477020602218701
"(24, 25, 30, 105)","(21,)",0.9340659340659341
"(21, 25, 30, 105)","(24,)",0.951048951048951
"(21, 24, 30, 105)","(25,)",0.9239130434782609
"(24, 25, 30, 106)","(21,)",0.9404388714733543
"(21, 25, 30, 106)","(24,)",0.9584664536741214
"(21, 24, 30, 106)","(25,)",0.91324200913242
"(24, 25, 30, 112)","(21,)",0.935
"(21, 25, 30, 112)","(24,)",0.9444444444444444
"(24, 25, 117, 119)","(21,)",0.9338842975206612
"(21, 25, 117, 119)","(24,)",0.9448160535117057
"(21, 24, 117, 119)","(25,)",0.9127625201938611
"(24, 26, 27, 28)","(21,)",0.9535076795350768
"(21, 26, 27, 28)","(24,)",0.9635067114093959
"(21, 24, 26, 28)","(27,)",0.9562864279766861
"(26, 27, 28)","(21, 24)",0.9004312034496276
"(24, 26, 27, 29)","(21,)",0.9575971731448764
"(21, 26, 27, 29)","(24,)",0.9721973094170404
"(21, 24, 26, 29)","(27,)",0.9622725255215269
"(26, 27, 29)","(21, 24)",0.9151540734487126
"(21, 26, 29)","(24, 27)",0.9093959731543624
"(24, 26, 27, 30)","(21,)",0.94640234948605
"(21, 26, 27, 30)","(24,)",0.9569413511507052
"(21, 24, 26, 30)","(27,)",0.9415631848064281
"(24, 26, 27, 67)","(21,)",0.9551495016611296
"(21, 26, 27, 67)","(24,)",0.9472817133443163
"(21, 24, 26, 67)","(27,)",0.9410801963993454
"(24, 26, 27, 105)","(21,)",0.9533417402269861
"(21, 26, 27, 105)","(24,)",0.9557522123893806
"(21, 24, 26, 105)","(27,)",0.9545454545454546
"(24, 26, 27, 106)","(21,)",0.9556868537666174
"(21, 26, 27, 106)","(24,)",0.9514705882352941
"(21, 24, 26, 106)","(27,)",0.9472913616398243
"(24, 26, 27, 117)","(21,)",0.9576523031203567
"(21, 26, 27, 117)","(24,)",0.9640987284966342
"(21, 24, 26, 117)","(27,)",0.9548148148148148
"(26, 27, 117)","(21, 24)",0.9051966292134831
"(24, 26, 27, 119)","(21,)",0.9437022900763359
"(21, 26, 27, 119)","(24,)",0.9583333333333334
"(21, 24, 26, 119)","(27,)",0.9611273080660836
"(24, 26, 27, 447)","(21,)",0.9692058346839546
"(21, 26, 27, 447)","(24,)",0.9723577235772358
"(21, 24, 26, 447)","(27,)",0.9755301794453507
"(26, 27, 447)","(21, 24)",0.9329173166926678
"(24, 26, 447)","(21, 27)",0.9285714285714286
"(21, 26, 447)","(24, 27)",0.9185867895545314
"(24, 26, 28, 29)","(21,)",0.9119318181818182
"(21, 26, 28, 29)","(24,)",0.9539375928677564
"(24, 26, 28, 117)","(21,)",0.90875
"(21, 26, 28, 117)","(24,)",0.9392764857881137
"(21, 26, 28, 119)","(24,)",0.9332191780821918
"(24, 26, 29, 117)","(21,)",0.9228723404255319
"(21, 26, 29, 117)","(24,)",0.9455040871934605
"(24, 27, 28, 29)","(21,)",0.9493844049247606
"(21, 27, 28, 29)","(24,)",0.9652294853963839
"(21, 24, 28, 29)","(27,)",0.9568014705882353
"(24, 27, 28, 30)","(21,)",0.9337349397590361
"(21, 27, 28, 30)","(24,)",0.9591584158415841
"(21, 24, 28, 30)","(27,)",0.9439707673568819
"(24, 27, 28, 67)","(21,)",0.9526938239159002
"(21, 27, 28, 67)","(24,)",0.9539473684210527
"(21, 24, 28, 67)","(27,)",0.9539473684210527
"(24, 27, 28, 105)","(21,)",0.9419014084507042
"(21, 27, 28, 105)","(24,)",0.9553571428571429
"(21, 24, 28, 105)","(27,)",0.9727272727272728
"(24, 27, 28, 117)","(21,)",0.9512
"(21, 27, 28, 117)","(24,)",0.9658813972380179
"(21, 24, 28, 117)","(27,)",0.9489225857940942
"(24, 27, 28, 119)","(21,)",0.9331065759637188
"(21, 27, 28, 119)","(24,)",0.9514450867052023
"(21, 24, 28, 119)","(27,)",0.9536500579374276
"(24, 27, 29, 30)","(21,)",0.9317548746518106
"(21, 27, 29, 30)","(24,)",0.9752186588921283
"(21, 24, 29, 30)","(27,)",0.9475920679886686
"(24, 27, 29, 67)","(21,)",0.9420731707317073
"(21, 27, 29, 67)","(24,)",0.9596273291925466
"(21, 24, 29, 67)","(27,)",0.9349470499243571
"(24, 27, 29, 117)","(21,)",0.9497161394971614
"(21, 27, 29, 117)","(24,)",0.9693708609271523
"(21, 24, 29, 117)","(27,)",0.9551386623164764
"(27, 29, 117)","(21, 24)",0.9007692307692308
"(24, 27, 29, 119)","(21,)",0.9267973856209151
"(21, 27, 29, 119)","(24,)",0.9699042407660738
"(21, 24, 29, 119)","(27,)",0.9555256064690026
"(24, 27, 29, 353)","(21,)",0.9664879356568364
"(21, 27, 29, 353)","(24,)",0.9677852348993289
"(21, 24, 29, 353)","(27,)",0.9626168224299065
"(27, 29, 353)","(21, 24)",0.9092055485498108
"(24, 27, 30, 67)","(21,)",0.9393939393939394
"(21, 27, 30, 67)","(24,)",0.950920245398773
"(21, 24, 30, 67)","(27,)",0.9323308270676691
"(24, 27, 30, 105)","(21,)",0.9425901201602136
"(21, 27, 30, 105)","(24,)",0.9489247311827957
"(21, 24, 30, 105)","(27,)",0.9592391304347826
"(24, 27, 30, 106)","(21,)",0.9522342064714946
"(21, 27, 30, 106)","(24,)",0.9566563467492261
"(21, 24, 30, 106)","(27,)",0.9406392694063926
"(24, 27, 30, 112)","(21,)",0.9418416801292407
"(21, 27, 30, 112)","(24,)",0.9418416801292407
"(21, 24, 30, 112)","(27,)",0.9328
"(24, 27, 117, 119)","(21,)",0.9466019417475728
"(21, 27, 117, 119)","(24,)",0.9558823529411765
"(21, 24, 117, 119)","(27,)",0.9450726978998385
"(21, 28, 29, 117)","(24,)",0.9515706806282722
"(25, 26, 27, 28)","(21,)",0.9408783783783784
"(21, 26, 27, 28)","(25,)",0.9345637583892618
"(21, 25, 26, 28)","(27,)",0.9615882606819163
"(25, 26, 27, 29)","(21,)",0.9480812641083521
"(21, 26, 27, 29)","(25,)",0.9417040358744395
"(21, 25, 26, 29)","(27,)",0.9686346863468634
"(25, 26, 27, 30)","(21,)",0.9353159851301115
"(21, 26, 27, 30)","(25,)",0.9339272457312546
"(21, 25, 26, 30)","(27,)",0.9501510574018127
"(25, 26, 27, 67)","(21,)",0.9428571428571428
"(21, 26, 27, 67)","(25,)",0.9242174629324547
"(21, 25, 26, 67)","(27,)",0.9548936170212766
"(25, 26, 27, 105)","(21,)",0.9508196721311475
"(21, 26, 27, 105)","(25,)",0.9532237673830595
"(21, 25, 26, 105)","(27,)",0.9703989703989704
"(25, 26, 27, 106)","(21,)",0.9507462686567164
"(21, 26, 27, 106)","(25,)",0.9367647058823529
"(21, 25, 26, 106)","(27,)",0.9622356495468278
"(25, 26, 27, 117)","(21,)",0.9484848484848485
"(21, 26, 27, 117)","(25,)",0.9364248317127898
"(21, 25, 26, 117)","(27,)",0.9586523736600306
"(25, 26, 27, 119)","(21,)",0.9404170804369414
"(21, 26, 27, 119)","(25,)",0.9176356589147286
"(21, 25, 26, 119)","(27,)",0.9623983739837398
"(25, 26, 27, 447)","(21,)",0.9689034369885434
"(21, 26, 27, 447)","(25,)",0.9626016260162602
"(21, 25, 26, 447)","(27,)",0.9704918032786886
"(26, 27, 447)","(21, 25)",0.9235569422776911
"(25, 26, 447)","(21, 27)",0.9178294573643411
"(21, 26, 447)","(25, 27)",0.9093701996927803
"(25, 26, 28, 29)","(21,)",0.9077490774907749
"(21, 26, 28, 29)","(25,)",0.9138187221396731
"(25, 26, 29, 117)","(21,)",0.9098360655737705
"(21, 26, 29, 117)","(25,)",0.9073569482288828
"(25, 27, 28, 29)","(21,)",0.9401947148817803
"(21, 27, 28, 29)","(25,)",0.9401947148817803
"(21, 25, 28, 29)","(27,)",0.96987087517934
"(25, 27, 28, 30)","(21,)",0.9181929181929182
"(21, 27, 28, 30)","(25,)",0.9306930693069307
"(21, 25, 28, 30)","(27,)",0.9531051964512041
"(25, 27, 28, 67)","(21,)",0.9403183023872679
"(21, 27, 28, 67)","(25,)",0.9328947368421052
"(21, 25, 28, 67)","(27,)",0.9555256064690026
"(25, 27, 28, 117)","(21,)",0.9372964169381107
"(21, 27, 28, 117)","(25,)",0.9350121852152722
"(21, 25, 28, 117)","(27,)",0.9623745819397993
"(25, 27, 28, 119)","(21,)",0.923699421965318
"(21, 27, 28, 119)","(25,)",0.923699421965318
"(21, 25, 28, 119)","(27,)",0.9568862275449102
"(25, 27, 29, 30)","(21,)",0.9102384291725105
"(21, 27, 29, 30)","(25,)",0.9460641399416909
"(21, 25, 29, 30)","(27,)",0.9572271386430679
"(25, 27, 29, 67)","(21,)",0.9270516717325228
"(21, 27, 29, 67)","(25,)",0.9472049689440993
"(21, 25, 29, 67)","(27,)",0.9516380655226209
"(25, 27, 29, 117)","(21,)",0.9404958677685951
"(21, 27, 29, 117)","(25,)",0.9420529801324503
"(21, 25, 29, 117)","(27,)",0.967687074829932
"(25, 27, 29, 119)","(21,)",0.9144385026737968
"(21, 27, 29, 119)","(25,)",0.9357045143638851
"(21, 25, 29, 119)","(27,)",0.9566433566433566
"(25, 27, 29, 353)","(21,)",0.95
"(21, 27, 29, 353)","(25,)",0.9436241610738255
"(21, 25, 29, 353)","(27,)",0.9696551724137931
"(25, 27, 30, 67)","(21,)",0.9300155520995335
"(21, 27, 30, 67)","(25,)",0.9171779141104295
"(21, 25, 30, 67)","(27,)",0.9477020602218701
"(25, 27, 30, 105)","(21,)",0.9250334672021419
"(21, 27, 30, 105)","(25,)",0.928763440860215
"(21, 25, 30, 105)","(27,)",0.9664335664335665
"(25, 27, 30, 106)","(21,)",0.9331259720062208
"(21, 27, 30, 106)","(25,)",0.9287925696594427
"(21, 25, 30, 106)","(27,)",0.9584664536741214
"(25, 27, 30, 112)","(21,)",0.9338842975206612
"(21, 27, 30, 112)","(25,)",0.9127625201938611
"(21, 25, 30, 112)","(27,)",0.9511784511784511
"(25, 27, 117, 119)","(21,)",0.9389438943894389
"(21, 27, 117, 119)","(25,)",0.9297385620915033
"(21, 25, 117, 119)","(27,)",0.9515050167224081
"(21, 28, 29, 117)","(25,)",0.9031413612565445
"(26, 27, 28, 29)","(21,)",0.9426656738644825
"(21, 26, 28, 29)","(27,)",0.9405646359583952
"(26, 27, 28, 117)","(21,)",0.9359477124183007
"(21, 26, 28, 117)","(27,)",0.9250645994832042
"(26, 27, 28, 119)","(21,)",0.9230769230769231
"(21, 26, 28, 119)","(27,)",0.9246575342465754
"(26, 27, 29, 117)","(21,)",0.9462809917355371
"(21, 26, 29, 117)","(27,)",0.9359673024523161
"(27, 28, 29, 117)","(21,)",0.9296875
"(21, 28, 29, 117)","(27,)",0.9345549738219895
"(25, 26, 27, 28)","(24,)",0.9552364864864865
"(24, 26, 27, 28)","(25,)",0.9389788293897883
"(24, 25, 26, 28)","(27,)",0.9568527918781726
"(25, 26, 27, 29)","(24,)",0.9670428893905192
"(24, 26, 27, 29)","(25,)",0.946113074204947
"(24, 25, 26, 29)","(27,)",0.9631294964028777
"(26, 27, 29)","(24, 25)",0.9041789784719291
"(25, 26, 27, 30)","(24,)",0.9486988847583643
"(24, 26, 27, 30)","(25,)",0.9368575624082232
"(24, 25, 26, 30)","(27,)",0.9501116902457185
"(25, 26, 27, 67)","(24,)",0.9411764705882353
"(24, 26, 27, 67)","(25,)",0.9302325581395349
"(24, 25, 26, 67)","(27,)",0.9483488569009314
"(25, 26, 27, 105)","(24,)",0.9558638083228247
"(24, 26, 27, 105)","(25,)",0.9558638083228247
"(24, 25, 26, 105)","(27,)",0.9656050955414013
"(25, 26, 27, 106)","(24,)",0.9522388059701492
"(24, 26, 27, 106)","(25,)",0.9423929098966026
"(24, 25, 26, 106)","(27,)",0.9637462235649547
"(25, 26, 27, 117)","(24,)",0.9606060606060606
"(24, 26, 27, 117)","(25,)",0.9420505200594353
"(24, 25, 26, 117)","(27,)",0.9541008276899925
"(25, 26, 27, 119)","(24,)",0.9553128103277061
"(24, 26, 27, 119)","(25,)",0.9179389312977099
"(24, 25, 26, 119)","(27,)",0.9543650793650794
"(25, 26, 27, 447)","(24,)",0.9705400981996727
"(24, 26, 27, 447)","(25,)",0.9611021069692058
"(24, 25, 26, 447)","(27,)",0.9769357495881383
"(26, 27, 447)","(24, 25)",0.9251170046801872
"(25, 26, 447)","(24, 27)",0.9193798449612403
"(24, 26, 447)","(25, 27)",0.9208074534161491
"(25, 26, 28, 29)","(24,)",0.9343173431734317
"(25, 26, 28, 117)","(24,)",0.9250645994832042
"(25, 26, 29, 117)","(24,)",0.9398907103825137
"(24, 26, 29, 117)","(25,)",0.9148936170212766
"(25, 27, 28, 29)","(24,)",0.9592025961984237
"(24, 27, 28, 29)","(25,)",0.9434564523483812
"(24, 25, 28, 29)","(27,)",0.9641192917054986
"(25, 27, 28, 30)","(24,)",0.9438339438339438
"(24, 27, 28, 30)","(25,)",0.9313253012048193
"(24, 25, 28, 30)","(27,)",0.9461444308445532
"(25, 27, 28, 67)","(24,)",0.9416445623342176
"(24, 27, 28, 67)","(25,)",0.9329829172141918
"(24, 25, 28, 67)","(27,)",0.9543010752688172
"(25, 27, 28, 105)","(24,)",0.9504424778761061
"(24, 27, 28, 105)","(25,)",0.9454225352112676
"(24, 25, 28, 105)","(27,)",0.9693140794223827
"(25, 27, 28, 117)","(24,)",0.9552117263843648
"(24, 27, 28, 117)","(25,)",0.9384
"(24, 25, 28, 117)","(27,)",0.9528838342810723
"(25, 27, 28, 119)","(24,)",0.9387283236994219
"(24, 27, 28, 119)","(25,)",0.9206349206349206
"(24, 25, 28, 119)","(27,)",0.9508196721311475
"(25, 27, 29, 30)","(24,)",0.9565217391304348
"(24, 27, 29, 30)","(25,)",0.9498607242339833
"(24, 25, 29, 30)","(27,)",0.952513966480447
"(25, 27, 29, 67)","(24,)",0.9468085106382979
"(24, 27, 29, 67)","(25,)",0.9496951219512195
"(24, 25, 29, 67)","(27,)",0.9453717754172989
"(25, 27, 29, 117)","(24,)",0.9661157024793389
"(24, 27, 29, 117)","(25,)",0.9480940794809408
"(24, 25, 29, 117)","(27,)",0.9589827727645611
"(25, 27, 29, 119)","(24,)",0.9545454545454546
"(24, 27, 29, 119)","(25,)",0.9333333333333333
"(24, 25, 29, 119)","(27,)",0.952
"(25, 27, 29, 353)","(24,)",0.9540540540540541
"(24, 27, 29, 353)","(25,)",0.9463806970509383
"(24, 25, 29, 353)","(27,)",0.9644808743169399
"(25, 27, 30, 67)","(24,)",0.942457231726283
"(24, 27, 30, 67)","(25,)",0.9181818181818182
"(24, 25, 30, 67)","(27,)",0.9439252336448598
"(25, 27, 30, 105)","(24,)",0.9410977242302544
"(24, 27, 30, 105)","(25,)",0.9385847797062751
"(24, 25, 30, 105)","(27,)",0.9656593406593407
"(25, 27, 30, 106)","(24,)",0.9486780715396579
"(24, 27, 30, 106)","(25,)",0.9399075500770416
"(24, 25, 30, 106)","(27,)",0.9561128526645768
"(25, 27, 30, 112)","(24,)",0.943801652892562
"(24, 27, 30, 112)","(25,)",0.9224555735056543
"(24, 25, 30, 112)","(27,)",0.9516666666666667
"(25, 27, 117, 119)","(24,)",0.9438943894389439
"(24, 27, 117, 119)","(25,)",0.9255663430420712
"(24, 25, 117, 119)","(27,)",0.9454545454545454
"(25, 28, 29, 117)","(24,)",0.9183673469387755
"(26, 27, 28, 29)","(24,)",0.9583023082650782
"(24, 26, 28, 29)","(27,)",0.9140625
"(26, 27, 28, 117)","(24,)",0.9464052287581699
"(24, 26, 28, 117)","(27,)",0.905
"(26, 27, 28, 119)","(24,)",0.9521367521367521
"(24, 26, 28, 119)","(27,)",0.9056910569105691
"(26, 27, 29, 117)","(24,)",0.9600550964187328
"(24, 26, 29, 117)","(27,)",0.9268617021276596
"(27, 28, 29, 117)","(24,)",0.9505208333333334
"(24, 28, 29, 117)","(27,)",0.9034653465346535
"(26, 27, 28, 29)","(25,)",0.9329858525688757
"(25, 26, 28, 29)","(27,)",0.9247232472324723
"(26, 27, 28, 117)","(25,)",0.9215686274509803
"(25, 26, 28, 117)","(27,)",0.9108527131782945
"(26, 27, 29, 117)","(25,)",0.9352617079889807
"(25, 26, 29, 117)","(27,)",0.9275956284153005
"(27, 28, 29, 117)","(25,)",0.9309895833333334
"(25, 28, 29, 117)","(27,)",0.9119897959183674
"(13, 24, 25, 26, 27)","(21,)",0.9565789473684211
"(13, 21, 25, 26, 27)","(24,)",0.9701957295373665
"(13, 21, 24, 26, 27)","(25,)",0.9433391003460208
"(13, 21, 24, 25, 26)","(27,)",0.9815481548154815
"(13, 25, 26, 27)","(21, 24)",0.9171572750210261
"(13, 24, 26, 27)","(21, 25)",0.9008674101610905
"(13, 24, 25, 26)","(21, 27)",0.9269018274543136
"(13, 21, 26, 27)","(24, 25)",0.9114082741328876
"(13, 21, 25, 26)","(24, 27)",0.9445647466435686
"(13, 21, 24, 26)","(25, 27)",0.9095079232693911
"(13, 24, 25, 26, 28)","(21,)",0.9394602479941648
"(13, 21, 25, 26, 28)","(24,)",0.9633507853403142
"(13, 21, 24, 26, 28)","(25,)",0.9246231155778895
"(13, 24, 25, 26, 29)","(21,)",0.9462915601023018
"(13, 21, 25, 26, 29)","(24,)",0.9736842105263158
"(13, 21, 24, 26, 29)","(25,)",0.9312080536912751
"(13, 24, 25, 26, 117)","(21,)",0.9440993788819876
"(13, 21, 25, 26, 117)","(24,)",0.9620253164556962
"(13, 21, 24, 26, 117)","(25,)",0.918429003021148
"(13, 24, 25, 27, 28)","(21,)",0.945389435989257
"(13, 21, 25, 27, 28)","(24,)",0.9701423977951309
"(13, 21, 24, 27, 28)","(25,)",0.9411764705882353
"(13, 21, 24, 25, 28)","(27,)",0.9782306623436776
"(13, 25, 27, 28)","(21, 24)",0.9048843187660668
"(13, 24, 25, 28)","(21, 27)",0.9127052722558341
"(13, 21, 27, 28)","(24, 25)",0.9103448275862069
"(13, 21, 25, 28)","(24, 27)",0.9390840373499333
"(13, 21, 24, 28)","(25, 27)",0.9021785561725758
"(13, 24, 25, 27, 29)","(21,)",0.9481058640373637
"(13, 21, 25, 27, 29)","(24,)",0.9796246648793566
"(13, 21, 24, 27, 29)","(25,)",0.9451629591308847
"(13, 21, 24, 25, 29)","(27,)",0.9744
"(13, 25, 27, 29)","(21, 24)",0.916708479678876
"(13, 24, 25, 29)","(21, 27)",0.9130434782608695
"(13, 21, 27, 29)","(24, 25)",0.9222614840989399
"(13, 21, 25, 29)","(24, 27)",0.943698347107438
"(13, 21, 24, 29)","(25, 27)",0.9049034175334324
"(13, 24, 25, 27, 30)","(21,)",0.932415519399249
"(13, 21, 25, 27, 30)","(24,)",0.963777490297542
"(13, 21, 24, 27, 30)","(25,)",0.9539052496798975
"(13, 21, 24, 25, 30)","(27,)",0.9738562091503268
"(13, 21, 27, 30)","(24, 25)",0.905224787363305
"(13, 21, 25, 30)","(24, 27)",0.9254658385093167
"(13, 21, 24, 30)","(25, 27)",0.9085365853658537
"(13, 24, 25, 27, 67)","(21,)",0.9418604651162791
"(13, 21, 25, 27, 67)","(24,)",0.9557522123893806
"(13, 21, 24, 27, 67)","(25,)",0.935064935064935
"(13, 21, 24, 25, 67)","(27,)",0.9715142428785607
"(13, 21, 25, 67)","(24, 27)",0.9230769230769231
"(13, 24, 25, 27, 117)","(21,)",0.9496910856134158
"(13, 21, 25, 27, 117)","(24,)",0.9693693693693693
"(13, 21, 24, 27, 117)","(25,)",0.945518453427065
"(13, 21, 24, 25, 117)","(27,)",0.9746376811594203
"(13, 25, 27, 117)","(21, 24)",0.9080168776371308
"(13, 24, 25, 117)","(21, 27)",0.9110922946655376
"(13, 21, 27, 117)","(24, 25)",0.911864406779661
"(13, 21, 25, 117)","(24, 27)",0.9364664926022629
"(13, 24, 25, 27, 119)","(21,)",0.933920704845815
"(13, 21, 25, 27, 119)","(24,)",0.9625425652667423
"(13, 21, 24, 27, 119)","(25,)",0.9359823399558499
"(13, 21, 24, 25, 119)","(27,)",0.9669327251995439
"(13, 21, 25, 119)","(24, 27)",0.9227421109902068
"(13, 24, 25, 28, 29)","(21,)",0.9355852317360566
"(13, 21, 25, 28, 29)","(24,)",0.9675060926076361
"(13, 21, 24, 28, 29)","(25,)",0.9218266253869969
"(13, 24, 25, 28, 117)","(21,)",0.923943661971831
"(13, 21, 25, 28, 117)","(24,)",0.9661266568483063
"(13, 21, 24, 28, 117)","(25,)",0.9111111111111111
"(13, 24, 25, 29, 117)","(21,)",0.9313572542901716
"(13, 21, 25, 29, 117)","(24,)",0.9738988580750407
"(13, 21, 24, 29, 117)","(25,)",0.9212962962962963
"(13, 24, 26, 27, 28)","(21,)",0.9523809523809523
"(13, 21, 26, 27, 28)","(24,)",0.9703113685734974
"(13, 21, 24, 26, 28)","(27,)",0.9619526202440776
"(13, 26, 27, 28)","(21, 24)",0.9054054054054054
"(13, 21, 26, 28)","(24, 27)",0.9103260869565217
"(13, 24, 26, 27, 29)","(21,)",0.9590301003344481
"(13, 21, 26, 27, 29)","(24,)",0.9803418803418803
"(13, 21, 24, 26, 29)","(27,)",0.962248322147651
"(13, 26, 27, 29)","(21, 24)",0.9235104669887279
"(13, 21, 26, 29)","(24, 27)",0.9183346677341874
"(13, 24, 26, 27, 117)","(21,)",0.9575113808801214
"(13, 21, 26, 27, 117)","(24,)",0.9692780337941628
"(13, 21, 24, 26, 117)","(27,)",0.9531722054380665
"(13, 26, 27, 117)","(21, 24)",0.9131693198263386
"(13, 24, 26, 27, 119)","(21,)",0.9428076256499134
"(13, 21, 26, 27, 119)","(24,)",0.9662522202486679
"(13, 21, 24, 26, 119)","(27,)",0.9577464788732394
"(13, 21, 26, 119)","(24, 27)",0.9036544850498339
"(13, 24, 26, 28, 29)","(21,)",0.9070548712206047
"(13, 21, 26, 28, 29)","(24,)",0.9608540925266904
"(13, 24, 27, 28, 29)","(21,)",0.9462778204144282
"(13, 21, 27, 28, 29)","(24,)",0.974703557312253
"(13, 21, 24, 28, 29)","(27,)",0.9543343653250774
"(13, 27, 28, 29)","(21, 24)",0.9059515062454078
"(13, 24, 27, 28, 117)","(21,)",0.9446749654218534
"(13, 21, 27, 28, 117)","(24,)",0.9715504978662873
"(13, 21, 24, 28, 117)","(27,)",0.9486111111111111
"(13, 24, 27, 28, 119)","(21,)",0.9289340101522843
"(13, 21, 27, 28, 119)","(24,)",0.9547826086956521
"(13, 21, 24, 28, 119)","(27,)",0.9498269896193772
"(13, 24, 27, 29, 117)","(21,)",0.9433384379785605
"(13, 21, 27, 29, 117)","(24,)",0.9762282091917591
"(13, 21, 24, 29, 117)","(27,)",0.9506172839506173
"(13, 27, 29, 117)","(21, 24)",0.9045521292217328
"(13, 21, 29, 117)","(24, 27)",0.9019033674963397
"(13, 25, 26, 27, 28)","(21,)",0.9412191582002902
"(13, 21, 26, 27, 28)","(25,)",0.939174511223751
"(13, 21, 25, 26, 28)","(27,)",0.9700822737471952
"(13, 25, 26, 27, 29)","(21,)",0.9491379310344827
"(13, 21, 26, 27, 29)","(25,)",0.941025641025641
"(13, 21, 25, 26, 29)","(27,)",0.9657894736842105
"(13, 25, 26, 27, 117)","(21,)",0.953198127925117
"(13, 21, 26, 27, 117)","(25,)",0.9385560675883257
"(13, 21, 25, 26, 117)","(27,)",0.9667721518987342
"(13, 25, 26, 28, 29)","(21,)",0.9133016627078385
"(13, 21, 26, 28, 29)","(25,)",0.9122182680901542
"(13, 25, 27, 28, 29)","(21,)",0.9376479873717443
"(13, 21, 27, 28, 29)","(25,)",0.9391304347826087
"(13, 21, 25, 28, 29)","(27,)",0.9650690495532088
"(13, 25, 27, 28, 117)","(21,)",0.9333333333333333
"(13, 21, 27, 28, 117)","(25,)",0.9359886201991465
"(13, 21, 25, 28, 117)","(27,)",0.9690721649484536
"(13, 25, 27, 29, 117)","(21,)",0.9337539432176656
"(13, 21, 27, 29, 117)","(25,)",0.9381933438985737
"(13, 21, 25, 29, 117)","(27,)",0.965742251223491
"(13, 26, 27, 28, 29)","(21,)",0.9439140811455847
"(13, 21, 26, 28, 29)","(27,)",0.9383155397390273
"(13, 25, 26, 27, 28)","(24,)",0.9600870827285921
"(13, 24, 26, 27, 28)","(25,)",0.9402985074626866
"(13, 24, 25, 26, 28)","(27,)",0.9649890590809628
"(13, 25, 26, 27, 29)","(24,)",0.9724137931034482
"(13, 24, 26, 27, 29)","(25,)",0.9431438127090301
"(13, 24, 25, 26, 29)","(27,)",0.9616368286445013
"(13, 26, 27, 29)","(24, 25)",0.9082125603864735
"(13, 25, 26, 29)","(24, 27)",0.9002394253790902
"(13, 25, 26, 27, 117)","(24,)",0.9625585023400937
"(13, 24, 26, 27, 117)","(25,)",0.936267071320182
"(13, 24, 25, 26, 117)","(27,)",0.9580745341614907
"(13, 25, 26, 27, 119)","(24,)",0.9536541889483066
"(13, 24, 26, 27, 119)","(25,)",0.9272097053726169
"(13, 24, 25, 26, 119)","(27,)",0.9570661896243292
"(13, 25, 26, 28, 29)","(24,)",0.9429928741092637
"(13, 25, 27, 28, 29)","(24,)",0.9668508287292817
"(13, 24, 27, 28, 29)","(25,)",0.9401381427475057
"(13, 24, 25, 28, 29)","(27,)",0.9622937941869599
"(13, 27, 28, 29)","(24, 25)",0.9000734753857458
"(13, 25, 27, 28, 117)","(24,)",0.9617021276595744
"(13, 24, 27, 28, 117)","(25,)",0.9377593360995851
"(13, 24, 25, 28, 117)","(27,)",0.9549295774647887
"(13, 25, 27, 28, 119)","(24,)",0.9412780656303973
"(13, 24, 27, 28, 119)","(25,)",0.922165820642978
"(13, 24, 25, 28, 119)","(27,)",0.9544658493870403
"(13, 25, 27, 29, 117)","(24,)",0.9700315457413249
"(13, 24, 27, 29, 117)","(25,)",0.9418070444104135
"(13, 24, 25, 29, 117)","(27,)",0.9594383775351014
"(13, 27, 29, 117)","(24, 25)",0.9030837004405287
"(13, 26, 27, 28, 29)","(24,)",0.9665871121718377
"(13, 24, 26, 28, 29)","(27,)",0.9070548712206047
"(13, 26, 27, 28, 29)","(25,)",0.9307875894988067
"(13, 25, 26, 28, 29)","(27,)",0.9263657957244655
"(24, 25, 26, 27, 28)","(21,)",0.9540229885057471
"(21, 25, 26, 27, 28)","(24,)",0.9685816876122083
"(21, 24, 26, 27, 28)","(25,)",0.9394862864606008
"(21, 24, 25, 26, 28)","(27,)",0.9729486023444545
"(25, 26, 27, 28)","(21, 24)",0.9113175675675675
"(24, 25, 26, 28)","(21, 27)",0.9128595600676819
"(21, 26, 27, 28)","(24, 25)",0.9052013422818792
"(21, 25, 26, 28)","(24, 27)",0.9313767803193785
"(24, 25, 26, 27, 29)","(21,)",0.9593837535014006
"(21, 25, 26, 27, 29)","(24,)",0.9785714285714285
"(21, 24, 26, 27, 29)","(25,)",0.9478782287822878
"(21, 24, 25, 26, 29)","(27,)",0.9757834757834758
"(25, 26, 27, 29)","(21, 24)",0.927765237020316
"(24, 26, 27, 29)","(21, 25)",0.9076855123674912
"(24, 25, 26, 29)","(21, 27)",0.9240107913669064
"(21, 26, 27, 29)","(24, 25)",0.92152466367713
"(21, 25, 26, 29)","(24, 27)",0.9478782287822878
"(21, 24, 26, 29)","(25, 27)",0.9121171770972037
"(24, 25, 26, 27, 30)","(21,)",0.9521943573667712
"(21, 25, 26, 27, 30)","(24,)",0.965818759936407
"(21, 24, 26, 27, 30)","(25,)",0.9425911559348332
"(21, 24, 25, 26, 30)","(27,)",0.9642857142857143
"(25, 26, 27, 30)","(21, 24)",0.9033457249070632
"(24, 25, 26, 30)","(21, 27)",0.9046909903201787
"(21, 26, 27, 30)","(24, 25)",0.9020044543429844
"(21, 25, 26, 30)","(24, 27)",0.9176737160120846
"(24, 25, 26, 27, 67)","(21,)",0.9580357142857143
"(21, 25, 26, 27, 67)","(24,)",0.9563279857397504
"(21, 24, 26, 27, 67)","(25,)",0.9330434782608695
"(21, 24, 25, 26, 67)","(27,)",0.9640610961365679
"(25, 26, 27, 67)","(21, 24)",0.9016806722689076
"(24, 25, 26, 67)","(21, 27)",0.9085520745131245
"(21, 25, 26, 67)","(24, 27)",0.9131914893617021
"(24, 25, 26, 27, 105)","(21,)",0.9577836411609498
"(21, 25, 26, 27, 105)","(24,)",0.9628647214854111
"(21, 24, 26, 27, 105)","(25,)",0.9603174603174603
"(21, 24, 25, 26, 105)","(27,)",0.9784366576819407
"(25, 26, 27, 105)","(21, 24)",0.9155107187894073
"(24, 26, 27, 105)","(21, 25)",0.9155107187894073
"(24, 25, 26, 105)","(21, 27)",0.9248407643312102
"(21, 26, 27, 105)","(24, 25)",0.9178255372945638
"(21, 25, 26, 105)","(24, 27)",0.9343629343629344
"(21, 24, 26, 105)","(25, 27)",0.9166666666666666
"(24, 25, 26, 27, 106)","(21,)",0.9623824451410659
"(21, 25, 26, 27, 106)","(24,)",0.9638932496075353
"(21, 24, 26, 27, 106)","(25,)",0.9489953632148377
"(21, 24, 25, 26, 106)","(27,)",0.9792663476874003
"(25, 26, 27, 106)","(21, 24)",0.9164179104477612
"(24, 26, 27, 106)","(21, 25)",0.9069423929098966
"(24, 25, 26, 106)","(21, 27)",0.9274924471299094
"(21, 26, 27, 106)","(24, 25)",0.9029411764705882
"(21, 25, 26, 106)","(24, 27)",0.9274924471299094
"(24, 25, 26, 27, 117)","(21,)",0.9605678233438486
"(21, 25, 26, 27, 117)","(24,)",0.9728434504792333
"(21, 24, 26, 27, 117)","(25,)",0.9449185415050426
"(21, 24, 25, 26, 117)","(27,)",0.9705179282868526
"(25, 26, 27, 117)","(21, 24)",0.9227272727272727
"(24, 26, 27, 117)","(21, 25)",0.9049034175334324
"(24, 25, 26, 117)","(21, 27)",0.9164785553047404
"(21, 26, 27, 117)","(24, 25)",0.9109947643979057
"(21, 25, 26, 117)","(24, 27)",0.9326186830015314
"(21, 24, 26, 117)","(25, 27)",0.9022222222222223
"(24, 25, 26, 27, 119)","(21,)",0.9521829521829522
"(21, 25, 26, 27, 119)","(24,)",0.9672650475184794
"(21, 24, 26, 27, 119)","(25,)",0.9261880687563195
"(21, 24, 25, 26, 119)","(27,)",0.9713679745493107
"(25, 26, 27, 119)","(21, 24)",0.9096325719960278
"(24, 25, 26, 119)","(21, 27)",0.9087301587301587
"(21, 25, 26, 119)","(24, 27)",0.9308943089430894
"(24, 25, 26, 27, 447)","(21,)",0.9747048903878583
"(21, 25, 26, 27, 447)","(24,)",0.9763513513513513
"(21, 24, 26, 27, 447)","(25,)",0.9665551839464883
"(21, 24, 25, 26, 447)","(27,)",0.9829931972789115
"(25, 26, 27, 447)","(21, 24)",0.9459901800327333
"(24, 26, 27, 447)","(21, 25)",0.9367909238249594
"(24, 25, 26, 447)","(21, 27)",0.9522240527182867
"(21, 26, 27, 447)","(24, 25)",0.9398373983739837
"(21, 25, 26, 447)","(24, 27)",0.9475409836065574
"(21, 24, 26, 447)","(25, 27)",0.9429037520391517
"(26, 27, 447)","(21, 24, 25)",0.9017160686427457
"(24, 25, 26, 28, 29)","(21,)",0.943127962085308
"(21, 25, 26, 28, 29)","(24,)",0.9707317073170731
"(21, 24, 26, 28, 29)","(25,)",0.9299065420560748
"(24, 25, 26, 28, 117)","(21,)",0.9371508379888268
"(21, 25, 26, 28, 117)","(24,)",0.9654676258992806
"(21, 24, 26, 28, 117)","(25,)",0.922971114167813
"(24, 25, 26, 29, 117)","(21,)",0.9447674418604651
"(21, 25, 26, 29, 117)","(24,)",0.975975975975976
"(21, 24, 26, 29, 117)","(25,)",0.9365994236311239
"(24, 25, 27, 28, 29)","(21,)",0.9521507974867085
"(21, 25, 27, 28, 29)","(24,)",0.9714003944773175
"(21, 24, 27, 28, 29)","(25,)",0.9462055715658021
"(21, 24, 25, 28, 29)","(27,)",0.9771825396825397
"(25, 27, 28, 29)","(21, 24)",0.9133055169216504
"(24, 25, 28, 29)","(21, 27)",0.9179869524697111
"(21, 27, 28, 29)","(24, 25)",0.9133055169216504
"(21, 25, 28, 29)","(24, 27)",0.9421329507412721
"(21, 24, 28, 29)","(25, 27)",0.9053308823529411
"(24, 25, 27, 28, 30)","(21,)",0.9417852522639069
"(21, 25, 27, 28, 30)","(24,)",0.9680851063829787
"(21, 24, 27, 28, 30)","(25,)",0.9393548387096774
"(21, 24, 25, 28, 30)","(27,)",0.9642384105960264
"(21, 27, 28, 30)","(24, 25)",0.900990099009901
"(21, 25, 28, 30)","(24, 27)",0.9226869455006337
"(24, 25, 27, 28, 67)","(21,)",0.956338028169014
"(21, 25, 27, 28, 67)","(24,)",0.9576868829337094
"(21, 24, 27, 28, 67)","(25,)",0.9365517241379311
"(21, 24, 25, 28, 67)","(27,)",0.9686162624821684
"(25, 27, 28, 67)","(21, 24)",0.9005305039787799
"(24, 25, 28, 67)","(21, 27)",0.9126344086021505
"(21, 25, 28, 67)","(24, 27)",0.9150943396226415
"(24, 25, 27, 28, 117)","(21,)",0.9539641943734015
"(21, 25, 27, 28, 117)","(24,)",0.9721980886185926
"(21, 24, 27, 28, 117)","(25,)",0.9411269974768713
"(21, 24, 25, 28, 117)","(27,)",0.9738903394255874
"(25, 27, 28, 117)","(21, 24)",0.9112377850162866
"(24, 25, 28, 117)","(21, 27)",0.909017059301381
"(21, 27, 28, 117)","(24, 25)",0.909017059301381
"(21, 25, 28, 117)","(24, 27)",0.93561872909699
"(24, 25, 27, 28, 119)","(21,)",0.9396551724137931
"(21, 25, 27, 28, 119)","(24,)",0.9549436795994993
"(21, 24, 27, 28, 119)","(25,)",0.9270959902794653
"(21, 24, 25, 28, 119)","(27,)",0.9707379134860051
"(21, 25, 28, 119)","(24, 27)",0.9137724550898204
"(24, 25, 27, 29, 30)","(21,)",0.9340175953079178
"(21, 25, 27, 29, 30)","(24,)",0.9815100154083205
"(21, 24, 27, 29, 30)","(25,)",0.9521674140508222
"(21, 24, 25, 29, 30)","(27,)",0.9710365853658537
"(21, 27, 29, 30)","(24, 25)",0.9285714285714286
"(21, 25, 29, 30)","(24, 27)",0.93952802359882
"(21, 24, 29, 30)","(25, 27)",0.9022662889518414
"(24, 25, 27, 29, 67)","(21,)",0.9438202247191011
"(21, 25, 27, 29, 67)","(24,)",0.9639344262295082
"(21, 24, 27, 29, 67)","(25,)",0.9514563106796117
"(21, 24, 25, 29, 67)","(27,)",0.9607843137254902
"(21, 27, 29, 67)","(24, 25)",0.9130434782608695
"(21, 25, 29, 67)","(24, 27)",0.9173166926677067
"(24, 25, 27, 29, 117)","(21,)",0.9520958083832335
"(21, 25, 27, 29, 117)","(24,)",0.9780316344463972
"(21, 24, 27, 29, 117)","(25,)",0.950469684030743
"(21, 24, 25, 29, 117)","(27,)",0.9754601226993865
"(25, 27, 29, 117)","(21, 24)",0.9198347107438016
"(24, 27, 29, 117)","(21, 25)",0.902676399026764
"(24, 25, 29, 117)","(21, 27)",0.9130434782608695
"(21, 27, 29, 117)","(24, 25)",0.9213576158940397
"(21, 25, 29, 117)","(24, 27)",0.9464285714285714
"(21, 24, 29, 117)","(25, 27)",0.9078303425774877
"(24, 25, 27, 29, 119)","(21,)",0.9327731092436975
"(21, 25, 27, 29, 119)","(24,)",0.9736842105263158
"(21, 24, 27, 29, 119)","(25,)",0.9393511988716502
"(21, 24, 25, 29, 119)","(27,)",0.9694323144104804
"(21, 27, 29, 119)","(24, 25)",0.9110807113543091
"(21, 25, 29, 119)","(24, 27)",0.9314685314685315
"(24, 25, 27, 29, 353)","(21,)",0.9702549575070821
"(21, 25, 27, 29, 353)","(24,)",0.9743954480796586
"(21, 24, 27, 29, 353)","(25,)",0.9500693481276006
"(21, 24, 25, 29, 353)","(27,)",0.9827833572453372
"(25, 27, 29, 353)","(21, 24)",0.9256756756756757
"(24, 27, 29, 353)","(21, 25)",0.9182305630026809
"(24, 25, 29, 353)","(21, 27)",0.9357923497267759
"(21, 27, 29, 353)","(24, 25)",0.9194630872483222
"(21, 25, 29, 353)","(24, 27)",0.9448275862068966
"(21, 24, 29, 353)","(25, 27)",0.9145527369826435
"(24, 25, 27, 30, 67)","(21,)",0.9471947194719472
"(21, 25, 27, 30, 67)","(24,)",0.959866220735786
"(21, 24, 27, 30, 67)","(25,)",0.9258064516129032
"(21, 24, 25, 30, 67)","(27,)",0.959866220735786
"(21, 25, 30, 67)","(24, 27)",0.9096671949286846
"(24, 25, 27, 30, 105)","(21,)",0.9459459459459459
"(21, 25, 27, 30, 105)","(24,)",0.9623733719247467
"(21, 24, 27, 30, 105)","(25,)",0.9419263456090652
"(21, 24, 25, 30, 105)","(27,)",0.9779411764705882
"(24, 25, 30, 105)","(21, 27)",0.9134615384615384
"(21, 25, 30, 105)","(24, 27)",0.9300699300699301
"(21, 24, 30, 105)","(25, 27)",0.9035326086956522
"(24, 25, 27, 30, 106)","(21,)",0.9557377049180328
"(21, 25, 27, 30, 106)","(24,)",0.9716666666666667
"(21, 24, 27, 30, 106)","(25,)",0.9433656957928802
"(21, 24, 25, 30, 106)","(27,)",0.9716666666666667
"(25, 27, 30, 106)","(21, 24)",0.9066874027993779
"(24, 25, 30, 106)","(21, 27)",0.9137931034482759
"(21, 27, 30, 106)","(24, 25)",0.9024767801857585
"(21, 25, 30, 106)","(24, 27)",0.9313099041533547
"(24, 25, 27, 30, 112)","(21,)",0.9509632224168126
"(21, 25, 27, 30, 112)","(24,)",0.9610619469026549
"(21, 24, 27, 30, 112)","(25,)",0.9313893653516295
"(21, 24, 25, 30, 112)","(27,)",0.9679144385026738
"(24, 25, 30, 112)","(21, 27)",0.905
"(21, 25, 30, 112)","(24, 27)",0.9141414141414141
"(24, 25, 27, 117, 119)","(21,)",0.9545454545454546
"(21, 25, 27, 117, 119)","(24,)",0.9595782073813708
"(21, 24, 27, 117, 119)","(25,)",0.9333333333333333
"(21, 24, 25, 117, 119)","(27,)",0.9663716814159292
"(25, 27, 117, 119)","(21, 24)",0.900990099009901
"(24, 25, 117, 119)","(21, 27)",0.9024793388429752
"(21, 25, 117, 119)","(24, 27)",0.9130434782608695
"(24, 25, 28, 29, 117)","(21,)",0.9305555555555556
"(21, 25, 28, 29, 117)","(24,)",0.9710144927536232
"(21, 24, 28, 29, 117)","(25,)",0.921595598349381
"(24, 26, 27, 28, 29)","(21,)",0.9572649572649573
"(21, 26, 27, 28, 29)","(24,)",0.9731437598736177
"(21, 24, 26, 28, 29)","(27,)",0.9595015576323987
"(26, 27, 28, 29)","(21, 24)",0.91734921816828
"(21, 26, 28, 29)","(24, 27)",0.9153046062407132
"(24, 26, 27, 28, 117)","(21,)",0.9585635359116023
"(21, 26, 27, 28, 117)","(24,)",0.9692737430167597
"(21, 24, 26, 28, 117)","(27,)",0.9546079779917469
"(26, 27, 28, 117)","(21, 24)",0.9071895424836601
"(24, 26, 27, 29, 117)","(21,)",0.9612625538020086
"(21, 26, 27, 29, 117)","(24,)",0.975254730713246
"(21, 24, 26, 29, 117)","(27,)",0.9654178674351584
"(26, 27, 29, 117)","(21, 24)",0.9228650137741047
"(21, 26, 29, 117)","(24, 27)",0.9128065395095368
"(24, 27, 28, 29, 117)","(21,)",0.9506849315068493
"(21, 27, 28, 29, 117)","(24,)",0.9719887955182073
"(21, 24, 28, 29, 117)","(27,)",0.9546079779917469
"(27, 28, 29, 117)","(21, 24)",0.9036458333333334
"(21, 28, 29, 117)","(24, 27)",0.9083769633507853
"(25, 26, 27, 28, 29)","(21,)",0.9489225857940942
"(21, 26, 27, 28, 29)","(25,)",0.9391785150078988
"(21, 25, 26, 28, 29)","(27,)",0.9666666666666667
"(25, 26, 27, 28, 117)","(21,)",0.9460992907801419
"(21, 26, 27, 28, 117)","(25,)",0.9315642458100558
"(21, 25, 26, 28, 117)","(27,)",0.9597122302158273
"(25, 26, 27, 29, 117)","(21,)",0.9513991163475699
"(21, 26, 27, 29, 117)","(25,)",0.9403202328966521
"(21, 25, 26, 29, 117)","(27,)",0.96996996996997
"(25, 27, 28, 29, 117)","(21,)",0.9384615384615385
"(21, 27, 28, 29, 117)","(25,)",0.9397759103641457
"(21, 25, 28, 29, 117)","(27,)",0.972463768115942
"(25, 26, 27, 28, 29)","(24,)",0.9688747007182761
"(24, 26, 27, 28, 29)","(25,)",0.9432789432789432
"(24, 25, 26, 28, 29)","(27,)",0.9589257503949447
"(26, 27, 28, 29)","(24, 25)",0.9039463886820551
"(25, 26, 27, 28, 117)","(24,)",0.9631205673758865
"(24, 26, 27, 28, 117)","(25,)",0.9378453038674033
"(24, 25, 26, 28, 117)","(27,)",0.9483240223463687
"(25, 26, 27, 29, 117)","(24,)",0.9734904270986745
"(24, 26, 27, 29, 117)","(25,)",0.9483500717360115
"(24, 25, 26, 29, 117)","(27,)",0.9607558139534884
"(26, 27, 29, 117)","(24, 25)",0.9104683195592287
"(25, 26, 29, 117)","(24, 27)",0.9030054644808743
"(25, 27, 28, 29, 117)","(24,)",0.9636363636363636
"(24, 27, 28, 29, 117)","(25,)",0.9438356164383561
"(24, 25, 28, 29, 117)","(27,)",0.9569444444444445
"(13, 24, 25, 26, 27, 28)","(21,)",0.9531368102796675
"(13, 21, 25, 26, 27, 28)","(24,)",0.9722436391673092
"(13, 21, 24, 26, 27, 28)","(25,)",0.941044776119403
"(13, 21, 24, 25, 26, 28)","(27,)",0.9790372670807453
"(13, 25, 26, 27, 28)","(21, 24)",0.9150943396226415
"(13, 24, 25, 26, 28)","(21, 27)",0.9197665937272064
"(13, 21, 26, 27, 28)","(24, 25)",0.9131064446053584
"(13, 21, 25, 26, 28)","(24, 27)",0.9431563201196709
"(13, 21, 24, 26, 28)","(25, 27)",0.905240488155061
"(13, 24, 25, 26, 27, 29)","(21,)",0.9601063829787234
"(13, 21, 25, 26, 27, 29)","(24,)",0.9836512261580381
"(13, 21, 24, 26, 27, 29)","(25,)",0.944202266782912
"(13, 21, 24, 25, 26, 29)","(27,)",0.9756756756756757
"(13, 25, 26, 27, 29)","(21, 24)",0.9336206896551724
"(13, 24, 26, 27, 29)","(21, 25)",0.9055183946488294
"(13, 24, 25, 26, 29)","(21, 27)",0.9232736572890026
"(13, 21, 26, 27, 29)","(24, 25)",0.9256410256410257
"(13, 21, 25, 26, 29)","(24, 27)",0.95
"(13, 21, 24, 26, 29)","(25, 27)",0.9085570469798657
"(13, 24, 25, 26, 27, 117)","(21,)",0.9611021069692058
"(13, 21, 25, 26, 27, 117)","(24,)",0.9705400981996727
"(13, 21, 24, 26, 27, 117)","(25,)",0.9397781299524565
"(13, 21, 24, 25, 26, 117)","(27,)",0.975328947368421
"(13, 25, 26, 27, 117)","(21, 24)",0.9251170046801872
"(13, 24, 25, 26, 117)","(21, 27)",0.9208074534161491
"(13, 21, 26, 27, 117)","(24, 25)",0.9109062980030722
"(13, 21, 25, 26, 117)","(24, 27)",0.9382911392405063
"(13, 24, 25, 26, 28, 29)","(21,)",0.9433249370277078
"(13, 21, 25, 26, 28, 29)","(24,)",0.9739921976592978
"(13, 21, 24, 26, 28, 29)","(25,)",0.9246913580246914
"(13, 24, 25, 27, 28, 29)","(21,)",0.9469387755102041
"(13, 21, 25, 27, 28, 29)","(24,)",0.9764309764309764
"(13, 21, 24, 27, 28, 29)","(25,)",0.9407948094079481
"(13, 21, 24, 25, 28, 29)","(27,)",0.9739714525608733
"(13, 25, 27, 28, 29)","(21, 24)",0.9155485398579322
"(13, 24, 25, 28, 29)","(21, 27)",0.9112333071484682
"(13, 21, 27, 28, 29)","(24, 25)",0.9169960474308301
"(13, 21, 25, 28, 29)","(24, 27)",0.942323314378554
"(13, 24, 25, 27, 28, 117)","(21,)",0.9454277286135693
"(13, 21, 25, 27, 28, 117)","(24,)",0.9741641337386018
"(13, 21, 24, 27, 28, 117)","(25,)",0.9385065885797951
"(13, 21, 24, 25, 28, 117)","(27,)",0.9771341463414634
"(13, 25, 27, 28, 117)","(21, 24)",0.9092198581560283
"(13, 24, 25, 28, 117)","(21, 27)",0.9028169014084507
"(13, 21, 27, 28, 117)","(24, 25)",0.9118065433854907
"(13, 21, 25, 28, 117)","(24, 27)",0.9440353460972017
"(13, 24, 25, 27, 29, 117)","(21,)",0.9447154471544715
"(13, 21, 25, 27, 29, 117)","(24,)",0.981418918918919
"(13, 21, 24, 27, 29, 117)","(25,)",0.9431818181818182
"(13, 21, 24, 25, 29, 117)","(27,)",0.9731993299832495
"(13, 25, 27, 29, 117)","(21, 24)",0.916403785488959
"(13, 24, 25, 29, 117)","(21, 27)",0.906396255850234
"(13, 21, 27, 29, 117)","(24, 25)",0.9207606973058637
"(13, 21, 25, 29, 117)","(24, 27)",0.9477977161500816
"(13, 24, 26, 27, 28, 29)","(21,)",0.9567901234567902
"(13, 21, 26, 27, 28, 29)","(24,)",0.9797724399494311
"(13, 21, 24, 26, 28, 29)","(27,)",0.9567901234567902
"(13, 26, 27, 28, 29)","(21, 24)",0.9248210023866349
"(13, 21, 26, 28, 29)","(24, 27)",0.9193357058125742
"(13, 25, 26, 27, 28, 29)","(21,)",0.95
"(13, 21, 26, 27, 28, 29)","(25,)",0.9367888748419722
"(13, 21, 25, 26, 28, 29)","(27,)",0.9635890767230169
"(13, 25, 26, 27, 28, 29)","(24,)",0.9743589743589743
"(13, 24, 26, 27, 28, 29)","(25,)",0.9382716049382716
"(13, 24, 25, 26, 28, 29)","(27,)",0.9571788413098237
"(13, 26, 27, 28, 29)","(24, 25)",0.9069212410501193
"(13, 25, 26, 28, 29)","(24, 27)",0.9026128266033254
"(24, 25, 26, 27, 28, 29)","(21,)",0.9579901153212521
"(21, 25, 26, 27, 28, 29)","(24,)",0.9781328847771237
"(21, 24, 26, 27, 28, 29)","(25,)",0.9439935064935064
"(21, 24, 25, 26, 28, 29)","(27,)",0.974036850921273
"(25, 26, 27, 28, 29)","(21, 24)",0.928172386272945
"(24, 26, 27, 28, 29)","(21, 25)",0.9036519036519036
"(24, 25, 26, 28, 29)","(21, 27)",0.9186413902053713
"(21, 26, 27, 28, 29)","(24, 25)",0.9186413902053713
"(21, 25, 26, 28, 29)","(24, 27)",0.9455284552845529
"(21, 24, 26, 28, 29)","(25, 27)",0.9057632398753894
"(24, 25, 26, 27, 28, 117)","(21,)",0.9602356406480118
"(21, 25, 26, 27, 28, 117)","(24,)",0.9775112443778111
"(21, 24, 26, 27, 28, 117)","(25,)",0.9394812680115274
"(21, 24, 25, 26, 28, 117)","(27,)",0.9716840536512668
"(25, 26, 27, 28, 117)","(21, 24)",0.924822695035461
"(24, 26, 27, 28, 117)","(21, 25)",0.9005524861878453
"(24, 25, 26, 28, 117)","(21, 27)",0.9106145251396648
"(21, 26, 27, 28, 117)","(24, 25)",0.9106145251396648
"(21, 25, 26, 28, 117)","(24, 27)",0.9381294964028777
"(24, 25, 26, 27, 29, 117)","(21,)",0.962178517397882
"(21, 25, 26, 27, 29, 117)","(24,)",0.9845201238390093
"(21, 24, 26, 27, 29, 117)","(25,)",0.9492537313432836
"(21, 24, 25, 26, 29, 117)","(27,)",0.9784615384615385
"(25, 26, 27, 29, 117)","(21, 24)",0.9366715758468336
"(24, 26, 27, 29, 117)","(21, 25)",0.9124820659971306
"(24, 25, 26, 29, 117)","(21, 27)",0.9244186046511628
"(21, 26, 27, 29, 117)","(24, 25)",0.925764192139738
"(21, 25, 26, 29, 117)","(24, 27)",0.954954954954955
"(21, 24, 26, 29, 117)","(25, 27)",0.9164265129682997
"(24, 25, 27, 28, 29, 117)","(21,)",0.9521044992743106
"(21, 25, 27, 28, 29, 117)","(24,)",0.977645305514158
"(21, 24, 27, 28, 29, 117)","(25,)",0.9452449567723343
"(21, 24, 25, 28, 29, 117)","(27,)",0.9791044776119403
"(25, 27, 28, 29, 117)","(21, 24)",0.9174825174825175
"(24, 25, 28, 29, 117)","(21, 27)",0.9111111111111111
"(21, 27, 28, 29, 117)","(24, 25)",0.9187675070028011
"(21, 25, 28, 29, 117)","(24, 27)",0.9507246376811594
"(21, 24, 28, 29, 117)","(25, 27)",0.9023383768913342
"(13, 24, 25, 26, 27, 28, 29)","(21,)",0.9578947368421052
"(13, 21, 25, 26, 27, 28, 29)","(24,)",0.9824561403508771
"(13, 21, 24, 26, 27, 28, 29)","(25,)",0.9393548387096774
"(13, 21, 24, 25, 26, 28, 29)","(27,)",0.9719626168224299
"(13, 25, 26, 27, 28, 29)","(21, 24)",0.9333333333333333
"(13, 24, 25, 26, 28, 29)","(21, 27)",0.9168765743073047
"(13, 21, 26, 27, 28, 29)","(24, 25)",0.9203539823008849
"(13, 21, 25, 26, 28, 29)","(24, 27)",0.9466840052015605
